Poem,Romaji,My translation,俳人,Poet,Dates,Season,Kigo,Original source ,Modern Source,Notes,Maegaki,NKBZ,俳句大観,名歌名句辞典,俳句の歴史,現代俳句,自選自解,蝸牛,古典俳句,Ueda Haiku,Keene World,Keene Dawn,Blyth Haiku,Blyth History,Fay Aoyagi,English Saijiki,21 Century,Other translation,Saijiki priority
市中は　物のにほひや　夏の月,ichinaka wa / mono no nioi ya / natsu no tsuki,"in the city —
the fragrance of things . . .
summer moon",凡兆,Bonchō,,Summer,夏の月 natsu no tsuki (summer moon),,Yamashito Haiku Rekishi,Chapter 1: From Muromachi Haikai to Teimon Haikai,,,,,,,,,,,,,,,,,,,
あつしあつしと　門々の声,atsushi atsushi to / kadokado no koe,"so hot, so hot —
voices at every gate",,Bashō,,Summer,暑し atsushi (the heat; hot),,Yamashito Haiku Rekishi,Chapter 1: From Muromachi Haikai to Teimon Haikai,,,,,,,,,,,,,,,,,,,
二番草　取りも果たさず　穂に出でて,nibangusa / tori mo hatasazu / ho ni idete,"the second weeding
not yet finished —
ears of grain appear",去来,Kyorai,,Autumn,二番草 nibangusa (second weeding),,Yamashito Haiku Rekishi,Chapter 1: From Muromachi Haikai to Teimon Haikai,,,,,,,,,,,,,,,,,,,
灰うちたたく　宵の稲妻,hai uchitaku / yoi no inazuma,"ashes beaten and scattered —
lightning at dusk",,Bashō,,Autumn,稲妻 inazuma (lightning),,Yamashito Haiku Rekishi,Chapter 1: From Muromachi Haikai to Teimon Haikai,,,,,,,,,,,,,,,,,,,
此の筋は　銀も見しらず　不自由さよ,kono suji wa / gin mo mishirazu / fujiyū sa yo,"in this trade
silver goes unrecognized —
what inconvenience",兆,Bonchō,,,,,Yamashito Haiku Rekishi,Chapter 1: From Muromachi Haikai to Teimon Haikai,,,,,,,,,,,,,,,,,,,
ただとひやうしに　長き脇指,tada to hyōshi ni / nagaki wakizashi,"drawn by chance alone —
a long short sword",来,Kyorai,,,,,Yamashito Haiku Rekishi,Chapter 1: From Muromachi Haikai to Teimon Haikai,,,,,,,,,,,,,,,,,,,
北野どの　御すきもの　梅の花,Kitano-dono / o-suki mono / ume no hana,"lord of Kitano —
what he loves best:
the plum blossom",,,,Spring,梅の花 ume no hana (plum blossoms),,Yamashito Haiku Rekishi,Chapter 1: From Muromachi Haikai to Teimon Haikai,,,,,,,,,,,,,,,,,,,
かめにさす　柳のさけや　つくりばな,kame ni sasu / yanagi no sake ya / tsukuribana,"steeped in the jar —
willow-branch sake,
artificial flowers",,,,Spring,柳 yanagi (willow),,Yamashito Haiku Rekishi,Chapter 1: From Muromachi Haikai to Teimon Haikai,,,,,,,,,,,,,,,,,,,
風さむし　やぶれ障子の　神無月,kaze samushi / yabureshōji no / kannazuki,"the wind is cold —
through a torn shoji,
the godless month",,,,Winter,神無月 kannazuki (tenth month; the godless month),,Yamashito Haiku Rekishi,Chapter 1: From Muromachi Haikai to Teimon Haikai,,,,,,,,,,,,,,,,,,,
きえくとも　火にならりそ　雪ぼとけ,kieku tomo / hi ni narariso / yukibotoke,"though you melt away —
do not get used to fire,
snow buddha",,,,Winter,雪ぼとけ yukibotoke (snow buddha),,Yamashito Haiku Rekishi,Chapter 1: From Muromachi Haikai to Teimon Haikai,,,,,,,,,,,,,,,,,,,
寒くとも　これまことの　雪ほとけ,samuku tomo / kore makoto no / yukibotoke,"though it is cold —
this is the true one,
snow buddha",,,,Winter,雪ほとけ yukibotoke (snow buddha),,Yamashito Haiku Rekishi,Chapter 1: From Muromachi Haikai to Teimon Haikai,,,,,,,,,,,,,,,,,,,
にがにがしい　つままで嵐　ふきの蕾,niganigashii / tsuma made arashi / fuki no tsubomi,"how disagreeable —
a storm even to pluck
the coltsfoot buds",,,,Spring,ふきの蕾 fuki no tsubomi (coltsfoot buds),,Yamashito Haiku Rekishi,Chapter 1: From Muromachi Haikai to Teimon Haikai,,,,,,,,,,,,,,,,,,,
春さむし　いつまで嵐　ふきの薹,haru samushi / itsu made arashi / fuki no tō,"spring is cold —
how long will the storm blow,
coltsfoot shoots",,,,Spring,ふきの薹 fuki no tō (coltsfoot shoots),,Yamashito Haiku Rekishi,Chapter 1: From Muromachi Haikai to Teimon Haikai,,,,,,,,,,,,,,,,,,,
飛梅　やからろがろしくも　神の春,tobiumé ya / kakarogaroshi ku mo / kami no haru,"the flying plum —
how lightly it moves,
spring of the god",守武,Morotake,,Spring,梅 ume (plum blossoms),,Yamashito Haiku Rekishi,Chapter 1: From Muromachi Haikai to Teimon Haikai,,,,,,,,,,,,,,,,,,,
青柳の　まゆかく　岸のひたひかな,aoyagi no / mayukaku / kishi no hitahi kana,"the green willow
draws its brows —
the forehead of the bank",,Morotake,,Spring,青柳 aoyagi (green willow),,Yamashito Haiku Rekishi,Chapter 1: From Muromachi Haikai to Teimon Haikai,,,,,,,,,,,,,,,,,,,
花よりも　鼻にありけるに　ほひかな,hana yori mo / hana ni arikeru / nioi kana,"more than the blossoms —
it was in the nose all along,
that fragrance",,Morotake,,Spring,花 hana (blossoms; cherry blossoms),,Yamashito Haiku Rekishi,Chapter 1: From Muromachi Haikai to Teimon Haikai,,,,,,,,,,,,,,,,,,,
かさきぎや　今日久かたの　雨の川,kasakigi ya / kyō hisakata no / ame no kawa,"umbrella trees —
today, after all this time,
rain on the river",,Morotake,,Summer,雨 ame (rain),,Yamashito Haiku Rekishi,Chapter 1: From Muromachi Haikai to Teimon Haikai,,,,,,,,,,,,,,,,,,,
霞きへ　まだらにありて　たらの年,kasumi kie / madara ni arite / tara no toshi,"the mist dissolves —
dappled and lingering,
another year",貞徳,Teitoku,,Spring,霞 kasumi (spring haze),,Yamashito Haiku Rekishi,Chapter 1: From Muromachi Haikai to Teimon Haikai,,,,,,,,,,,,,,,,,,,
山の腰に　ひるねの種や　秋の月,yama no koshi ni / hirune no tane ya / aki no tsuki,"at the mountain's waist —
seeds of an afternoon nap,
autumn moon",,Teitoku,,Autumn,秋の月 aki no tsuki (autumn moon),,Yamashito Haiku Rekishi,Chapter 1: From Muromachi Haikai to Teimon Haikai,,,,,,,,,,,,,,,,,,,
花よりも　団子にありて　帰る雁,hana yori mo / dango ni arite / kaeru kari,"more than the blossoms —
it's the dumplings that matter,
geese returning",,Teitoku,,Spring,帰る雁 kaeru kari (returning geese),,Yamashito Haiku Rekishi,Chapter 1: From Muromachi Haikai to Teimon Haikai,,,,,,,,,,,,,,,,,,,
皆人の　夕だちや　雲の帯,mina hito no / yūdachi ya / kumo no obi,"everyone caught —
in the evening shower,
a sash of cloud",,Teitoku,,Summer,夕立 yūdachi (evening shower),,Yamashito Haiku Rekishi,Chapter 1: From Muromachi Haikai to Teimon Haikai,,,,,,,,,,,,,,,,,,,
秋やら今朝　一足に知るの　ごひ縁,aki yara kesa / hitoashi ni shiru no / goi-en,"is it autumn already —
in a single step, knowing:
the sound of a rake",重頼,Shigeyori,,Autumn,秋 aki (autumn),,Yamashito Haiku Rekishi,Chapter 1: From Muromachi Haikai to Teimon Haikai,,,,,,,,,,,,,,,,,,,
やあしばらく　花に酔へる　雲の乱れ足,yā shibaraku / hana ni yoeru / kumo no midarashi,"wait — just a moment —
drunk on blossoms,
the cloud's staggering step",立圃,Riptō,,Spring,花 hana (blossoms; cherry blossoms),,Yamashito Haiku Rekishi,Chapter 1: From Muromachi Haikai to Teimon Haikai,,,,,,,,,,,,,,,,,,,
天も花に　酔へる　鐘撞く事,ten mo hana ni / yoeru / kane tsuku koto,"even heaven drunk on blossoms —
the tolling of the bell",,Riptō,,Spring,花 hana (blossoms; cherry blossoms),,Yamashito Haiku Rekishi,Chapter 1: From Muromachi Haikai to Teimon Haikai,,,,,,,,,,,,,,,,,,,
かをり来て　目に酔ひたまる　梅の花,kaori kite / me ni yoi tamaru / ume no hana,"the fragrance drifts in —
pooling behind the eyes,
plum blossoms",,Riptō,,Spring,梅の花 ume no hana (plum blossoms),,Yamashito Haiku Rekishi,Chapter 1: From Muromachi Haikai to Teimon Haikai,,,,,,,,,,,,,,,,,,,
これはこれはとばかり花の吉野山,kore wa kore wa to / bakari / hana no Yoshinoyama,"oh — oh —""
there are no other words:
the blossoms of Yoshino",,Teitoku,,Spring,花 hana (blossoms; cherry blossoms),,Yamashito Haiku Rekishi,Chapter 1: From Muromachi Haikai to Teimon Haikai,,,,,,,,,,,,,,,,,,,
歌いくさ　文武二道の　蛙かな,utaikusa / bunbu futamichi no / kawazu kana,"the singing contest —
frogs versed in both
the ways of pen and sword",貞室,Teishitsu,,Spring,蛙 kawazu (frog),,Yamashito Haiku Rekishi,Chapter 1: From Muromachi Haikai to Teimon Haikai,,,,,,,,,,,,,,,,,,,
福の神を　今日乗せ来るや　午の年,fuku no kami wo / kyō nose kuru ya / uma no toshi,"carrying the god of fortune —
arriving today:
the year of the horse",,Teishitsu,,New Year,午の年 uma no toshi (year of the horse),,Yamashito Haiku Rekishi,Chapter 1: From Muromachi Haikai to Teimon Haikai,,,,,,,,,,,,,,,,,,,
若竹の心かけ樋や　軒のつま,wakatake no / kokoro kake-toi ya / noki no tsuma,"the young bamboo's heart —
a hanging gutter,
the eaves' edge",令徳,Reitoku,,Summer,若竹 wakatake (young bamboo),,Yamashito Haiku Rekishi,Chapter 1: From Muromachi Haikai to Teimon Haikai,,,,,,,,,,,,,,,,,,,
一僕とほくほくありく　花見かな,hitori boku / tōku tōku ariku / hanami kana,"one servant boy
walking on and on —
flower-viewing",西武,Seibu,,Spring,花見 hanami (flower-viewing),,Yamashito Haiku Rekishi,Chapter 1: From Muromachi Haikai to Teimon Haikai,,,,,,,,,,,,,,,,,,,
春立つや　人の心を　うご霞,haru tatsu ya / hito no kokoro wo / ugo kasumi,"spring arrives —
stirring the hearts of people,
the haze",季吟,Kigin,,Spring,春立つ haru tatsu (spring arrives),,Yamashito Haiku Rekishi,Chapter 1: From Muromachi Haikai to Teimon Haikai,,,,,,,,,,,,,,,,,,,
春立つや　にほんめで　たき門の松,haru tatsu ya / Nihon mede / taki kado no matsu,"spring arrives —
a Japan worth celebrating:
the pine at the gate",徳元,Tokumoto,,Spring,春立つ haru tatsu (spring arrives),,Yamashito Haiku Rekishi,Chapter 1: From Muromachi Haikai to Teimon Haikai,,,,,,,,,,,,,,,,,,,
里人の　わたり候　頚の霜,sato hito no / watari sōrō / kubi no shimo,"the village folk —
do you pass this way?""
frost on the neck",宗因,Sōin,,Winter,霜 shimo (frost),,Yamashito Haiku Rekishi,Chapter 2: The Novelty of Danrin Haikai,,,,,,,,,,,,,,,,,,,
ながむとて　花にもいたく　慣れぬれば,nagamu tote / hana ni mo itaku / narenareba,"gazing so long —
even the blossoms start to hurt,
grown too familiar",,Sōin,,Spring,花 hana (blossoms; cherry blossoms),,Yamashito Haiku Rekishi,Chapter 2: The Novelty of Danrin Haikai,,,,,,,,,,,,,,,,,,,
今こんと　いひひしばも　かたし　頚の料理の骨,ima kon to / iihishiba mo / katashi kubi no ryōri no hone,"i'll come right now, you said —
and now it's all that's hard:
bones of a neck dish",,Sōin,,,,,Yamashito Haiku Rekishi,Chapter 2: The Novelty of Danrin Haikai,,,,,,,,,,,,,,,,,,,
鶯を　日毎に　きけと　興は有りて,uguisu wo / higoto ni kike to / kyō wa arite,"listen to the warbler —
every day, they say,
and today there is delight","西鶴, as Tsuruyuki 鶴永",Saikaku,,Spring,鶯 uguisu (warbler; bush warbler),,Yamashito Haiku Rekishi,Chapter 2: The Novelty of Danrin Haikai,,,,,,,,,,,,,,,,,,,
飛梅　ふるきも　又あらたなると　神の春,tobiumé / furuki mo mata / arata naru to / kami no haru,"the flying plum —
the old becomes new again,
spring of the god",覚澄,Kakucho,,Spring,梅 ume (plum blossoms),,Yamashito Haiku Rekishi,Chapter 2: The Novelty of Danrin Haikai,,,,,,,,,,,,,,,,,,,
山　ふかく　入る　旅　ぎせる　霧　こめて,yama fukaku / iru tabi / giseru / kiri komete,"deep into the mountain —
a traveller's pipe,
wrapped in mist",武仙,Busen,,Autumn,霧 kiri (mist; autumn mist),,Yamashito Haiku Rekishi,Chapter 2: The Novelty of Danrin Haikai,,,,,,,,,,,,,,,,,,,
革巾　着　やいつの　珊瑚　小　鹿,kawakignu / ki ya itsu no / sango ko-jika,"a leather purse —
when was the little deer
turned to coral?",鶴永,Tsuruyuki,,,,,Yamashito Haiku Rekishi,Chapter 2: The Novelty of Danrin Haikai,,,,,,,,,,,,,,,,,,,
天川に　紅葉　ながる　珊珠　男,Amakawa ni / momiji nagaru / sanju otoko,"on the Amakawa —
autumn leaves drifting,
a coral man",正察,Shōsatsu,,Autumn,紅葉 momiji (autumn leaves),,Yamashito Haiku Rekishi,Chapter 2: The Novelty of Danrin Haikai,,,,,,,,,,,,,,,,,,,
咲く花や　懐紙合はせて　四百本,saku hana ya / kaishi awasete / yonhyaku-hon,"blossoms in bloom —
four hundred sheets of paper
bound together",Tsuruyuki 鶴永,Saikaku,,Spring,花 hana (blossoms; cherry blossoms),,Yamashito Haiku Rekishi,Chapter 2: The Novelty of Danrin Haikai,,,,,,,,,,,,,,,,,,,
水引　壱　把　青柳の　糸,mizuhiki / ichi wa / aoyagi no ito,"one bundle of cord —
threads of the green willow",方由,Hōyu,,Spring,青柳 aoyagi (green willow),,Yamashito Haiku Rekishi,Chapter 2: The Novelty of Danrin Haikai,,,,,,,,,,,,,,,,,,,
春風を　おさむる　へぎに　熨斗添へて,harukaze wo / osamuru / hegi ni / noshi soete,"the spring wind contained —
in a thin cedar box,
with a gift-strip attached",西翁,Saiō,,Spring,春風 harukaze (spring wind),,Yamashito Haiku Rekishi,Chapter 2: The Novelty of Danrin Haikai,,,,,,,,,,,,,,,,,,,
しれぬ世や　釈迦の死に跡に　金がある,shirenu yo ya / Shaka no shiniatoni / kane ga aru,"this world makes no sense —
where the Buddha died,
there is money",西鶴,Saikaku,,,,,Yamashito Haiku Rekishi,Chapter 2: The Novelty of Danrin Haikai,,,,,,,,,,,,,,,,,,,
大晦日　定めなき世の　さだめかな,ōmisoka / sadame naki yo no / sadame kana,"new year's eve —
the one fixed point
in a world without fixity",,Saikaku,,New Year,大晦日 ōmisoka (New Year's Eve),,Yamashito Haiku Rekishi,Chapter 2: The Novelty of Danrin Haikai,,,,,,,,,,,,,,,,,,,
今朝国土　笑はせ初めぬ　俳諧師,kesa kokudo / warawase somenu / haikaishi,"this morning the whole land —
made to laugh for the first time:
a haikai master",高政,Takamasa,,New Year,,,Yamashito Haiku Rekishi,Chapter 2: The Novelty of Danrin Haikai,,,,,,,,,,,,,,,,,,,
木之の端の　法師肥えや　花の暮,kinohate no / hōshi koe ya / hana no kure,"at the edge of the grove —
a fat priest,
evening blossoms",常矩,Tsunenori,,Spring,花 hana (blossoms; cherry blossoms),,Yamashito Haiku Rekishi,Chapter 2: The Novelty of Danrin Haikai,,,,,,,,,,,,,,,,,,,
蛇之助が　恨みの鐘や　桜の雪,Janoske ga / urami no kane ya / sakura no yuki,"Janoske's bell of resentment —
cherry-blossom snow",惟中,Ichu,,Spring,桜 sakura (cherry blossoms),,Yamashito Haiku Rekishi,Chapter 2: The Novelty of Danrin Haikai,,,,,,,,,,,,,,,,,,,
恥ぞつむ　我が　窓の　網引かな,haji zo tsumu / waga / mado no / ami-hiki kana,"shame piles up —
at my window,
hauling the nets",松意,Shōi,,,,,Yamashito Haiku Rekishi,Chapter 2: The Novelty of Danrin Haikai,,,,,,,,,,,,,,,,,,,
見えにけり　くつその　かみ　八岐の大生海鼠へ,mie ni keri / kutsuso no kami / Yamata no ōnamako e,"now it appears —
the god of shoes,
toward the great eight-branched sea-slug",在色,Zaishiki,,,,,Yamashito Haiku Rekishi,Chapter 2: The Novelty of Danrin Haikai,,,,,,,,,,,,,,,,,,,
酢瓶に　けり蚤の　都のおもてふが,su-kame ni / keri nomi no / miyako no omote fuga,"into the vinegar jar —
a flea's elegant capital,
its surface refined",三千風,Michikaze,,,,,Yamashito Haiku Rekishi,Chapter 2: The Novelty of Danrin Haikai,,,,,,,,,,,,,,,,,,,
富士に傍うて　三月七日八日かな,Fuji ni sobaute / sangatsu nanuka yōka kana,"keeping close to Fuji —
the seventh and eighth
of the third month",信徳,Shintoku,,Spring,三月 sangatsu (third month; spring),,Yamashito Haiku Rekishi,Chapter 3: The Sprouting of a New Wind,,,,,,,,,,,,,,,,,,,
稲妻に　片日影　ゆく棺,inazuma ni / katahikage / yuku hitsugi,"in a flash of lightning —
half in shadow,
a passing coffin",,Shintoku,,Autumn,稲妻 inazuma (lightning),,Yamashito Haiku Rekishi,Chapter 3: The Sprouting of a New Wind,,,,,,,,,,,,,,,,,,,
月一つ　柳ち残る　木の間より,tsuki hitotsu / yanagi chinokoru / koma yori,"one moon —
a willow still remaining,
through the trees",素堂,Sodō,,Autumn,月 tsuki (moon; autumn moon),,Yamashito Haiku Rekishi,Chapter 3: The Sprouting of a New Wind,,,,,,,,,,,,,,,,,,,
綿の花　たまたま蘭に　似たるかな,wata no hana / tamatama ran ni / nitaru kana,"the cotton flower —
by chance resembling
an orchid",言水,Kiginsui,,Autumn,綿の花 wata no hana (cotton flower),,Yamashito Haiku Rekishi,Chapter 3: The Sprouting of a New Wind,,,,,,,,,,,,,,,,,,,
しら雲を　吹き尽くしたる　新樹かな,shirakumo wo / fukitsukushitaru / shinjukana,"having blown away
every last white cloud —
fresh young leaves",,Kiginsui,,Summer,新樹 shinju (fresh young leaves),,Yamashito Haiku Rekishi,Chapter 3: The Sprouting of a New Wind,,,,,,,,,,,,,,,,,,,
笹の葉に　西日のめぐる　時雨かな,sasa no ha ni / nishi-hi no meguru / shigure kana,"on the bamboo leaves —
the western sun turning
through the winter drizzle",,Kiginsui,,Winter,時雨 shigure (winter drizzle),,Yamashito Haiku Rekishi,Chapter 3: The Sprouting of a New Wind,,,,,,,,,,,,,,,,,,,
芋洗ふ　女に月は　落ちにけり,imo arau / onna ni tsuki wa / ochi ni keri,"washing the taro —
onto the woman
the moon has fallen",,Kiginsui,,Autumn,芋 imo (taro; potato),,Yamashito Haiku Rekishi,Chapter 3: The Sprouting of a New Wind,,,,,,,,,,,,,,,,,,,
夜や秋や　海士のやせ子や　鳴く鷗,yo ya aki ya / ama no yaseko ya / naku kamome,"is it night, is it autumn —
is she a diver's thin child?
the crying gull",来山,Raizan,,Autumn,秋 aki (autumn),,Yamashito Haiku Rekishi,Chapter 3: The Sprouting of a New Wind,,,,,,,,,,,,,,,,,,,
菜の花や　淀も桂も　すれわれ夕涼み,na no hana ya / Yodo mo Katsura mo / sure-ware yūsuzumi,"rapeseed blossoms —
the Yodo and the Katsura too
rubbing past us in the evening cool",才麿,Saitō,,Spring,菜の花 na no hana (rapeseed blossoms),,Yamashito Haiku Rekishi,Chapter 3: The Sprouting of a New Wind,,,,,,,,,,,,,,,,,,,
春の夢　気の違はぬ　うらめしい,haru no yume / ki no tagawanu / urameshii,"a spring dream —
how resentful
that I didn't lose my mind",,Saitō,,Spring,春の夢 haru no yume (spring dream),,Yamashito Haiku Rekishi,Chapter 3: The Sprouting of a New Wind,,,,,,,,,,,,,,,,,,,
行水も　日まぜになりぬ　虫のこゑ,gyōzui mo / himazeni narinu / mushi no koe,"the outdoor bath
now taken every other day —
voices of insects",,Saitō,,Autumn,虫の声 mushi no koe (insect voices),,Yamashito Haiku Rekishi,Chapter 3: The Sprouting of a New Wind,,,,,,,,,,,,,,,,,,,
元日や　されば野川の　水の音,ganjitsu ya / sareba nogawa no / mizu no oto,"new year's day —
and so, the sound of water
in the field stream",鬼貫,Onitsura,,New Year,元日 ganjitsu (New Year's Day),,Yamashito Haiku Rekishi,Chapter 3: The Sprouting of a New Wind,,,,,,,,,,,,,,,,,,,
白魚や　きながらうこく　水の色,shirauo ya / kinagara ugoku / mizu no iro,"whitebait —
moving while still alive,
the colour of water",,Onitsura,,Spring,白魚 shirauo (whitebait; icefish),,Yamashito Haiku Rekishi,Chapter 3: The Sprouting of a New Wind,,,,,,,,,,,,,,,,,,,
水ふんで草で足ふく　夏野かな,mizu funde / kusa de ashi fuku / natsuno kana,"stepping through water —
wiping one's feet on grass:
a summer field",,Onitsura,,Summer,夏野 natsuno (summer field),,Yamashito Haiku Rekishi,Chapter 3: The Sprouting of a New Wind,,,,,,,,,,,,,,,,,,,
行水も　日まぜになりぬ　虫のこゑ,gyōzui mo / himazeni narinu / mushi no koe,"the outdoor bath
now every other day —
insect voices",,Onitsura,,Autumn,虫の声 mushi no koe (insect voices),,Yamashito Haiku Rekishi,Chapter 3: The Sprouting of a New Wind,,,,,,,,,,,,,,,,,,,
雪の朝　独り干鮭を　噛み得タリ,yuki no asa / hitori karazake wo / kami etari,"a snowy morning —
alone, I manage
to gnaw dried salmon",芭蕉,Bashō,,Winter,雪 yuki (snow),,Yamashito Haiku Rekishi,Chapter 3: The Sprouting of a New Wind,,,,,,,,,,,,,,,,,,,
いづる鶯　声波ヲうって　腸氷ル夜やなみだ,izuru uguisu / koe nami wo utte / harawata koōru yoru ya namida,"the warbler emerges —
its cry strikes the waves,
a night of frozen entrails and tears",,Bashō,,Spring,鶯 uguisu (warbler; bush warbler),,Yamashito Haiku Rekishi,Chapter 3: The Sprouting of a New Wind,,,,,,,,,,,,,,,,,,,
芭蕉野分して　望に雨を聞く夜かな,bashō nowaki shite / nozomi ni ame wo kiku yoru kana,"the banana plant torn by storm —
a night of listening
to rain in a basin",,Bashō,,Autumn,野分 nowaki (autumn gale; typhoon),,Yamashito Haiku Rekishi,Chapter 3: The Sprouting of a New Wind,,,,,,,,,,,,,,,,,,,
野ざらしを　心に風の　しむ身かな,nozarashi wo / kokoro ni kaze no / shimu mi kana,"resolved to be
a bleached skeleton —
the wind cuts to the bone",,Bashō,,Autumn,野ざらし nozarashi (bleached bones),,Yamashito Haiku Rekishi,Chapter 3: The Sprouting of a New Wind,,,,,,,,,,,,,,,,,,,
猿を聞く人　捨て子に秋の風いかに,saru wo kiku hito / sutego ni aki no / kaze ikani,"you who hear the monkey cry —
what of the abandoned child
in the autumn wind?",,Bashō,,Autumn,秋の風 aki no kaze (autumn wind),,Yamashito Haiku Rekishi,Chapter 3: The Sprouting of a New Wind,,,,,,,,,,,,,,,,,,,
山路来て　何やらゆかし　すみれ草,yamaji kite / naniyara yukashi / sumire gusa,"coming along a mountain path —
something strangely moving:
violets",,Bashō,,Spring,菫 sumire (violet),,Yamashito Haiku Rekishi,Chapter 3: The Sprouting of a New Wind,,,,,,,,,,,,,,,,,,,
古池や　蛙飛びこむ　水の音,furuike ya / kawazu tobikomu / mizu no oto,"the ancient pond —
a frog leaps in,
sound of water",芭蕉,Bashō,,Spring,蛙 kawazu (frog),,Yamashito Haiku Rekishi,Chapter 4: The World of Bashō,,,,,,,,,,,,,,,,,,,
鷹一つ　見付けてうれしい　いらこ崎,taka hitotsu / mitsukete ureshi / Irako-zaki,"one hawk found —
what joy:
Cape Irako",,Bashō,,Winter,鷹 taka (hawk; winter hawk),,Yamashito Haiku Rekishi,Chapter 4: The World of Bashō,,,,,,,,,,,,,,,,,,,
おもしろうて　やがて悲しき　鵜舟かな,omoshiroute / yagate kanashiki / ubune kana,"delightful —
and soon after, sad:
the cormorant boats",,Bashō,,Summer,鵜舟 ubune (cormorant boat),,Yamashito Haiku Rekishi,Chapter 4: The World of Bashō,,,,,,,,,,,,,,,,,,,1
吹きとばす　石はあさまの　野分かな,fukitobasu / ishi wa Asama no / nowaki kana,"blowing away the stones —
Mt. Asama's
autumn gale",,Bashō,,Autumn,野分 nowaki (autumn gale; typhoon),,Yamashito Haiku Rekishi,Chapter 4: The World of Bashō,,,,,,,,,,,,,,,,,,,
行く春や　鳥啼き　魚の目は泪,yuku haru ya / tori naki / sakana no me wa namida,"spring going —
birds cry,
and in the eyes of fish, tears",,Bashō,,Spring,行く春 yuku haru (departing spring),,Yamashito Haiku Rekishi,Chapter 4: The World of Bashō,,,,,,,,,,,,,,,,,,,
あらたうと　青葉若葉の　日の光,ara tōto / aoba wakaba no / hi no hikari,"how holy —
the light of the sun
on green leaves, young leaves",,Bashō,,Summer,青葉若葉 aoba wakaba (green leaves; fresh young leaves),,Yamashito Haiku Rekishi,Chapter 4: The World of Bashō,,,,,,,,,,,,,,,,,,,
夏草や　兵共が　夢の跡,natsukusa ya / tsuwamono-domo ga / yume no ato,"summer grasses —
all that remains
of warriors' dreams",,Bashō,,Summer,夏草 natsukusa (summer grasses),,Yamashito Haiku Rekishi,Chapter 4: The World of Bashō,,,,,,,,,,,,,,,,,,,
さみだれを　あつめて早し　最上川,samidare wo / atsumete hayashi / Mogamigawa,"gathering all
the rains of May —
swift, the Mogami",,Bashō,,Summer,五月雨 samidare (May rains; summer rains),,Yamashito Haiku Rekishi,Chapter 4: The World of Bashō,,,,,,,,,,,,,,,,,,,
荒海や　佐渡によこたふ　天の河,araumi ya / Sado ni yokotau / amanogawa,"the rough sea —
stretching toward Sado island,
the Milky Way",,Bashō,,Autumn,天の河 amanogawa (Milky Way),,Yamashito Haiku Rekishi,Chapter 4: The World of Bashō,,,,,,,,,,,,,,,,,,,
一家に　遊女も寝たり　萩と月,hitotsu ya ni / yūjo mo netari / hagi to tsuki,"under one roof —
courtesans asleep too,
bush clover and moon",,Bashō,,Autumn,萩 hagi (bush clover),,Yamashito Haiku Rekishi,Chapter 4: The World of Bashō,,,,,,,,,,,,,,,,,,,
初しぐれ　猿も小蓑を　ほしげなり,hatsushigure / saru mo komino wo / hoshige nari,"the first winter rain —
the monkey too seems to want
a little raincoat",,Bashō,,Winter,初時雨 hatsushigure (first winter rain),,Yamashito Haiku Rekishi,Chapter 4: The World of Bashō,,,,,,,,,,,,,,,,,,,
うき我を　さびしがらせよ　閑古鳥,uki ware wo / sabishigarase yo / kankodori,"make me lonelier still,
o cuckoo,
wretched as i am",,Bashō,,Summer,閑古鳥 kankodori (cuckoo),,Yamashito Haiku Rekishi,Chapter 4: The World of Bashō,,,,,,,,,,,,,,,,,,,
病雁の　夜寒に落ちて　旅寝かな,yamigarasu / yosamu ni ochite / tabine kana,"a sick wild goose
falling in the cold night —
sleeping on the road",,Bashō,,Autumn,雁 kari (wild geese),,Yamashito Haiku Rekishi,Chapter 4: The World of Bashō,,,,,,,,,,,,,,,,,,,
行春を　近江の人と　惜しみける,yuku haru wo / Ōmi no hito to / oshimi keru,"lamenting spring's passing
with the people of Ōmi —
how we mourned it",,Bashō,,Spring,行く春 yuku haru (departing spring),,Yamashito Haiku Rekishi,Chapter 4: The World of Bashō,,,,,,,,,,,,,,,,,,,
草臥て　宿かるころや　藤の花,kutabirete / yado karu koro ya / fuji no hana,"weary, the hour
to find lodging —
wisteria in bloom",,Bashō,,Spring,藤 fuji (wisteria),,Yamashito Haiku Rekishi,Chapter 4: The World of Bashō,,,,,,,,,,,,,,,,,,,
梅が香に　のつと日の出る　山路かな,ume ga ka ni / notto hi no deru / yamaji kana,"into the plum's fragrance —
the sun rising suddenly:
a mountain road",,Bashō,,Spring,梅 ume (plum blossoms),,Yamashito Haiku Rekishi,Chapter 4: The World of Bashō,,,,,,,,,,,,,,,,,,,
傘に　押しわけみたる　柳かな,kasa ni / oshiwakemitaru / yanagi kana,"pushing aside with my umbrella —
the willow",,Bashō,,Spring,柳 yanagi (willow),,Yamashito Haiku Rekishi,Chapter 4: The World of Bashō,,,,,,,,,,,,,,,,,,,
春雨や　蜂の巣つたふ　屋根の漏り,harusame ya / hachi no su tsutau / yane no mori,"spring rain —
running down the wasp's nest,
the leaking roof",,Bashō,,Spring,春雨 harusame (spring rain),,Yamashito Haiku Rekishi,Chapter 4: The World of Bashō,,,,,,,,,,,,,,,,,,,
うぐひすや　竹の子藪に　老を鳴く,uguisu ya / takenoko yabu ni / oi wo naku,"the warbler —
in the young-bamboo thicket,
singing of old age",,Bashō,,Spring,鶯 uguisu (warbler; bush warbler); 竹の子 takenoko (bamboo shoots),,Yamashito Haiku Rekishi,Chapter 4: The World of Bashō,,,,,,,,,,,,,,,,,,,
寒菊や　粉糠のかかる　臼の端,kangiku ya / konuka no kakaru / usu no hata,"winter chrysanthemum —
rice bran dusted
on the edge of the mortar",,Bashō,,Winter,寒菊 kangiku (winter chrysanthemum),,Yamashito Haiku Rekishi,Chapter 4: The World of Bashō,,,,,,,,,,,,,,,,,,,
月花ヲ医ス　閑素幽栖の　野巫の子有り,tsuki hana wo / isu kansoyūsei no / yabu no ko ari,"curing moon and blossom —
child of the simple hermitage,
a village quack",其角,Kikaku,,Spring,花 hana (blossoms; cherry blossoms),,Yamashito Haiku Rekishi,Chapter 5: The Four Sages and Six Masters of the Bashō School,,,,,,,,,,,,,,,,,,,
闇の夜は　吉原ばかり　月夜かな,yami no yo wa / Yoshiwara bakari / tsukiyo kana,"on a dark night —
only Yoshiwara
is moonlit",,Kikaku,,Autumn,月 tsuki (moon; autumn moon),,Yamashito Haiku Rekishi,Chapter 5: The Four Sages and Six Masters of the Bashō School,,,,,,,,,,,,,,,,,,,
日の春を　さすがに鶴の　歩みかな,hi no haru wo / sasuga ni tsuru no / ayumi kana,"the first day of spring —
and sure enough, the crane
walks as a crane should",,Kikaku,,New Year,日の春 hi no haru (New Year's spring sunrise),,Yamashito Haiku Rekishi,Chapter 5: The Four Sages and Six Masters of the Bashō School,,,,,,,,,,,,,,,,,,,
鐘ひとつ　売れぬ日はなし　江戸の春,kane hitotsu / urenu hi wa nashi / Edo no haru,"not a day without a bell sold —
Edo in spring",,Kikaku,,Spring,江戸の春 Edo no haru (Edo in spring; New Year),,Yamashito Haiku Rekishi,Chapter 5: The Four Sages and Six Masters of the Bashō School,,,,,,,,,,,,,,,,,,,
霜の朝や　つつむ生姜　味噌嘗（なめ）,shimo no asa ya / tsutsumu shōga / miso name,"a frosty morning —
ginger wrapped in something,
licking the miso",嵐雪,Ransetsu,,Winter,霜 shimo (frost),,Yamashito Haiku Rekishi,Chapter 5: The Four Sages and Six Masters of the Bashō School,,,,,,,,,,,,,,,,,,,
梅一輪　一輪ほどの　暖かさ,ume ichirin / ichirin hodo no / atatakasa,"one plum blossom —
warmth enough
for one plum blossom",,Ransetsu,,Spring,梅 ume (plum blossoms),,Yamashito Haiku Rekishi,Chapter 5: The Four Sages and Six Masters of the Bashō School,,,,,,,,,,,,,,,,,,,
蒲団着て　寝たる姿や　東山,futon kite / netaru sugata ya / Higashiyama,"wrapped in a futon,
the shape of something sleeping —
the Eastern Hills",,Ransetsu,,Winter,冬 fuyu (winter),,Yamashito Haiku Rekishi,Chapter 5: The Four Sages and Six Masters of the Bashō School,,,,,,,,,,,,,,,,,,,
木枯の地にも落とさぬ　しぐれかな,kogarashi no / chi ni mo otosanu / shigure kana,"the winter gale
doesn't let it reach the ground —
the drizzle",去来,Kyorai,,Winter,木枯 kogarashi (winter gale),,Yamashito Haiku Rekishi,Chapter 5: The Four Sages and Six Masters of the Bashō School,,,,,,,,,,,,,,,,,,,
おうおうと　いへどもうごかぬ　雪の門,ōō to / iedomo ugokanu / yuki no kado,"hey! hey! i call —
but it doesn't move:
the snowy gate",,Kyorai,,Winter,雪 yuki (snow),,Yamashito Haiku Rekishi,Chapter 5: The Four Sages and Six Masters of the Bashō School,,,,,,,,,,,,,,,,,,,
木枕の　垢や伊吹に　残る雪,kimakura no / aka ya Ibuki ni / nokoru yuki,"grime on the wooden pillow —
and on Mt. Ibuki,
lingering snow",,Kyorai,,Winter,残る雪 nokoru yuki (lingering snow),,Yamashito Haiku Rekishi,Chapter 5: The Four Sages and Six Masters of the Bashō School,,,,,,,,,,,,,,,,,,,
鷹の目の　枯野に居て　吹くあらしかな,taka no me no / kareno ni ite / fuku arashi kana,"with the eye of a hawk,
dwelling in the withered fields —
a storm blowing",丈草,Jōsō,,Winter,枯野 kareno (withered field),,Yamashito Haiku Rekishi,Chapter 5: The Four Sages and Six Masters of the Bashō School,,,,,,,,,,,,,,,,,,,
時鳥　啼くや湖水の　さざ波かな,hototogisu / naku ya kosui no / sazanami kana,"the cuckoo cries —
on the lake,
small waves",,Jōsō,,Summer,時鳥 hototogisu (little cuckoo; lesser cuckoo),,Yamashito Haiku Rekishi,Chapter 5: The Four Sages and Six Masters of the Bashō School,,,,,,,,,,,,,,,,,,,
いへどもうごかぬ　雪の門,iedomo ugokanu / yuki no kado,"though i call and call —
the snowy gate won't move",,Jōsō,,Winter,雪 yuki (snow),,Yamashito Haiku Rekishi,Chapter 5: The Four Sages and Six Masters of the Bashō School,,,,,,,,,,,,,,,,,,,
誰か待つ　蝿は来りて　夏になって,dare ka matsu / hae wa kitarite / natsu ni natte,"waiting for someone —
the flies have come around,
summer has arrived",杉風,Sampū,,Summer,蝿 hae (fly; housefly),,Yamashito Haiku Rekishi,Chapter 5: The Four Sages and Six Masters of the Bashō School,,,,,,,,,,,,,,,,,,,
馬の頬　押しけつむや　春の童草,uma no hō / oshi ketsumu ya / haru no warabe gusa,"pressing the horse's cheek —
spring children's grass",許六,Kyoroku,,Spring,春 haru (spring),,Yamashito Haiku Rekishi,Chapter 5: The Four Sages and Six Masters of the Bashō School,,,,,,,,,,,,,,,,,,,
花の中に　城ありさくら　郡山,hana no naka ni / shiro ari sakura / Kōriyama,"within the blossoms —
a castle, cherry blossoms:
Kōriyama",,Kyoroku,,Spring,花 hana (blossoms; cherry blossoms),,Yamashito Haiku Rekishi,Chapter 5: The Four Sages and Six Masters of the Bashō School,,,,,,,,,,,,,,,,,,,
苗代の　水にちりうく　花の中,nawashiro no / mizu ni chiri uku / hana no naka,"in the seedbed water,
petals drifting and floating —
within the blossoms",,Kyoroku,,Spring,花 hana (blossoms; cherry blossoms),,Yamashito Haiku Rekishi,Chapter 5: The Four Sages and Six Masters of the Bashō School,,,,,,,,,,,,,,,,,,,
俳論よりも軍書にかなし　芳野山,hairon yori mo / gunsho ni kanashi / Yoshinoyama,"more than a treatise on haiku —
it is a war chronicle,
Mt. Yoshino",支考,Shikō,,Spring,花 hana (blossoms; cherry blossoms),,Yamashito Haiku Rekishi,Chapter 5: The Four Sages and Six Masters of the Bashō School,,,,,,,,,,,,,,,,,,,
卯の花に　さくら合はせる　明け方かな,u no hana ni / sakura awaseru / akegata kana,"deutzia blossoms
meeting the cherry blossoms —
at dawn",,Shikō,,Summer,卯の花 u no hana (deutzia blossoms),,Yamashito Haiku Rekishi,Chapter 5: The Four Sages and Six Masters of the Bashō School,,,,,,,,,,,,,,,,,,,
長松が　寝て居る白は　夏座敷かな,Chōmatsu ga / nete iru shiro wa / natsu zashiki kana,"the white of Chōmatsu
lying down —
a summer parlour",野坡,Yaba,,Summer,夏座敷 natsu zashiki (summer parlour),,Yamashito Haiku Rekishi,Chapter 5: The Four Sages and Six Masters of the Bashō School,,,,,,,,,,,,,,,,,,,
行く雲を　寝て見る隣の　名で御慶,yuku kumo wo / nete miru tonari no / na de gyokei,"watching clouds drift by
while lying down — greeting the new year
under a neighbour's name",,Yaba,,New Year,御慶 gyokei (New Year's greeting),,Yamashito Haiku Rekishi,Chapter 5: The Four Sages and Six Masters of the Bashō School,,,,,,,,,,,,,,,,,,,
うめの花　赤いは赤い　はな,ume no hana / akai wa akai / hana,"the plum blossoms —
red ones are red,
blossoms",惟然,Inen,,Spring,梅の花 ume no hana (plum blossoms),,Yamashito Haiku Rekishi,Chapter 5: The Four Sages and Six Masters of the Bashō School,,,,,,,,,,,,,,,,,,,
水鳥や　むかふの岸へ　つういつうい,mizudori ya / mukō no kishi e / tsūi tsūi,"waterfowl —
toward the far shore,
gliding, gliding",,Inen,,Winter,水鳥 mizudori (waterfowl; winter waterfowl),,Yamashito Haiku Rekishi,Chapter 5: The Four Sages and Six Masters of the Bashō School,,,,,,,,,,,,,,,,,,,
灰捨てて　白梅うるむ　垣根かな,hai sutete / shirome urumu / kakine kana,"dumping the ash —
the white plum blossoms blur,
along the fence",凡兆,Bonchō,,Spring,白梅 shirome / shiroume (white plum blossoms),,Yamashito Haiku Rekishi,Chapter 5: The Four Sages and Six Masters of the Bashō School,,,,,,,,,,,,,,,,,,,
呼びかへす　鮒売見えぬ　雪の原,yobikaesu / funaurisemu / yuki no hara,"calling back —
the carp-seller out of sight:
a field of snow",,Bonchō,,Winter,雪 yuki (snow),,Yamashito Haiku Rekishi,Chapter 5: The Four Sages and Six Masters of the Bashō School,,,,,,,,,,,,,,,,,,,
昼顔の　砂踏み崩す　暑さかな,hirugao no / suna fumikuzusu / atsusa kana,"the morning glory —
crumbling the sand underfoot,
this heat",支考,Shikō,,Summer,暑さ atsusa (heat; the summer heat),,Yamashito Haiku Rekishi,Chapter 6: The Course of the Bashō Style,,,,,,,,,,,,,,,,,,,
駒の尾に　まだ霧原の　大風引き,koma no o ni / mada kirihara no / ōkaze hiki,"at the horse's tail —
still trailing the great wind
of the misty plain",,Shikō,,Autumn,霧 kiri (mist),,Yamashito Haiku Rekishi,Chapter 6: The Course of the Bashō Style,,,,,,,,,,,,,,,,,,,
参銭の　音まれまれに　落葉かな,sanzen no / oto mare mare ni / ochiba kana,"the sound of offerings —
so rare, so rare,
falling leaves",,Shikō,,Autumn,落葉 ochiba (falling leaves),,Yamashito Haiku Rekishi,Chapter 6: The Course of the Bashō Style,,,,,,,,,,,,,,,,,,,
鶯の　いくつも捨てて　初音かな,uguisu no / ikutsu mo sutete / hatsune kana,"the warbler —
discarding so many drafts,
its first song",廬元坊,Rogenbo,,Spring,鶯 uguisu (warbler; bush warbler),,Yamashito Haiku Rekishi,Chapter 6: The Course of the Bashō Style,,,,,,,,,,,,,,,,,,,
凩の　一日吹いて　居りにけり,kogarashi no / ichinichi fuite / ori ni keri,"the winter gale —
blowing all day long,
has settled in",涼菟,Ranryū,,Winter,木枯 kogarashi (winter gale),,Yamashito Haiku Rekishi,Chapter 6: The Course of the Bashō Style,,,,,,,,,,,,,,,,,,,
山々や　応じこぶしづ　老の春,yamayama ya / ōji kobushizu / oi no haru,"mountain after mountain —
responding, the magnolias:
spring of old age",,Ranryū,,New Year,春 haru (spring; New Year),,Yamashito Haiku Rekishi,Chapter 6: The Course of the Bashō Style,,,,,,,,,,,,,,,,,,,
かたびらに　越の日数や　後の月,katabira ni / Koshi no nissū ya / nochi no tsuki,"in a summer robe —
the days counted in Koshi:
the late moon",,Ranryū,,Autumn,後の月 nochi no tsuki (late moon; second harvest moon),,Yamashito Haiku Rekishi,Chapter 6: The Course of the Bashō Style,,,,,,,,,,,,,,,,,,,
花さかぬ　身をすほめたる　柳かな,hana sakanu / mi wo subometaru / yanagi kana,"bearing no blossoms,
contracting its body —
the willow",乙由,Otokuni,,Spring,柳 yanagi (willow),,Yamashito Haiku Rekishi,Chapter 6: The Course of the Bashō Style,,,,,,,,,,,,,,,,,,,
紫陽花に　おもたき朝日　夕日かな,ajisai ni / omotaki asahi / yūhi kana,"on the hydrangeas —
the heavy morning sun,
the evening sun",,Otokuni,,Summer,紫陽花 ajisai (hydrangea),,Yamashito Haiku Rekishi,Chapter 6: The Course of the Bashō Style,,,,,,,,,,,,,,,,,,,
足高に　橘は残りて　枯野かな,ashitaka ni / tachibana wa nokori te / kareno kana,"standing tall —
the mandarin orange remains:
a withered field",,Otokuni,,Winter,枯野 kareno (withered field),,Yamashito Haiku Rekishi,Chapter 6: The Course of the Bashō Style,,,,,,,,,,,,,,,,,,,
朝顔に　釣瓶とられて　もらひ水,asagao ni / tsurube torarete / morai mizu,"the morning glory
has captured the bucket —
i'll beg water elsewhere",千代女,Chiyo-jo,,Autumn,朝顔 asagao (morning glory),,Yamashito Haiku Rekishi,Chapter 6: The Course of the Bashō Style,,,,,,,,,,,,,,,,,,,
稲妻の　尾や其のまゝに　かきつばた,inazuma no / o ya sono mama ni / kakitsubata,"the lightning's tail —
just as it is,
an iris",,Chiyo-jo,,Summer,杜若 kakitsubata (iris),,Yamashito Haiku Rekishi,Chapter 6: The Course of the Bashō Style,,,,,,,,,,,,,,,,,,,
夕顔や　女子の肌の　見ゆる時,yūgao ya / joshi no hada no / miyuru toki,"the evening glory —
the moment
a girl's skin shows",,Chiyo-jo,,Autumn,夕顔 yūgao (moonflower; evening glory),,Yamashito Haiku Rekishi,Chapter 6: The Course of the Bashō Style,,,,,,,,,,,,,,,,,,,
落鮎や　日に日に水の　しづまる磯かな,ochiayu ya / hi ni hi ni mizu no / shizumaru iso kana,"the falling ayu —
day by day the water
settling at the shore",,Chiyo-jo,,Autumn,落ち鮎 ochi-ayu (descending sweetfish),,Yamashito Haiku Rekishi,Chapter 6: The Course of the Bashō Style,,,,,,,,,,,,,,,,,,,
蚊をやく　龍眼肉の　閨の私語,ka wo yaku / ryūganniku no / neya no sasame goto,"burning mosquitoes —
longan fruit
whispered talk in the bedchamber",其角,Kikaku,,Summer,蚊 ka (mosquito),,Yamashito Haiku Rekishi,Chapter 6: The Course of the Bashō Style,,,,,,,,,,,,,,,,,,,
折って後　貴ふ声あり　垣の梅,otte nochi / tōto koe ari / kaki no ume,"after breaking it —
a voice calling precious!""
plum at the fence",沾徳,Sentoku,,Spring,梅 ume (plum blossoms),,Yamashito Haiku Rekishi,Chapter 6: The Course of the Bashō Style,,,,,,,,,,,,,,,,,,,
蚊の声の　しらむに寂し　軒の雨,ka no koe no / shiramu ni samishi / noki no ame,"the mosquito's voice
fading into light —
rain at the eaves",,Sentoku,,Summer,蚊 ka (mosquito),,Yamashito Haiku Rekishi,Chapter 6: The Course of the Bashō Style,,,,,,,,,,,,,,,,,,,
低きかたへ　水のあはづや　初あらし,hikuki kata e / mizu no awazu ya / hatsu arashi,"toward the low place —
the water not yet meeting:
first autumn storm",沾洲,Senshū,,Autumn,初嵐 hatsu arashi (first autumn storm),,Yamashito Haiku Rekishi,Chapter 6: The Course of the Bashō Style,,,,,,,,,,,,,,,,,,,
梅咲いて　朝寝の家と　成りにけり,ume saite / asane no ie to / nari ni keri,"the plum has bloomed —
it has become
a house of morning sleep",,Senshū,,Spring,梅 ume (plum blossoms),,Yamashito Haiku Rekishi,Chapter 6: The Course of the Bashō Style,,,,,,,,,,,,,,,,,,,
梅が香や　南吹く夜の　肱枕,ume ga ka ya / minami fuku yo no / hiji makura,"the plum's fragrance —
a night of south wind,
elbow as pillow",,Senshū,,Spring,梅 ume (plum blossoms),,Yamashito Haiku Rekishi,Chapter 6: The Course of the Bashō Style,,,,,,,,,,,,,,,,,,,
川上の　虹を白に眺む　夜あけかな,kawakami no / niji wo shiro ni nagamu / yoake kana,"upstream —
watching the rainbow turn white:
the break of day",淡々,Tantan,,Summer,虹 niji (rainbow),,Yamashito Haiku Rekishi,Chapter 6: The Course of the Bashō Style,,,,,,,,,,,,,,,,,,,
梅もどき　としの尾や都の　孤釣り,umemOdoki / toshi no o ya miyako no / ko-tsuri,"fake plum —
the year's end in the capital,
a lone fisherman",,Tantan,,Winter,年の尾 toshi no o (year's end),,Yamashito Haiku Rekishi,Chapter 6: The Course of the Bashō Style,,,,,,,,,,,,,,,,,,,
紅梅に　青く横たふ　寛かな,kōbai ni / aoku yokotau / hiro kana,"against the red plum —
lying green across it,
the calm",長水,Chōsui,,Spring,紅梅 kōbai (red plum blossoms),,Yamashito Haiku Rekishi,Chapter 6: The Course of the Bashō Style,,,,,,,,,,,,,,,,,,,
あらし吹く　草の中より　瓜のほひかな,arashi fuku / kusa no naka yori / uri no nioi kana,"in the stormy wind —
from amid the grass,
the scent of melon",坡厄,Hakū,,Summer,瓜 uri (melon),,Yamashito Haiku Rekishi,Chapter 7: The Stirring of the Mid-Edo Revival,,,,,,,,,,,,,,,,,,,
名月や　沖の高みな　ひかりもあり,meigetsu ya / oki no takami na / hikari mo ari,"the harvest moon —
even the distant offshore heights
have their light",野梅,Nobume,,Autumn,名月 meigetsu (harvest moon),,Yamashito Haiku Rekishi,Chapter 7: The Stirring of the Mid-Edo Revival,,,,,,,,,,,,,,,,,,,
白菊や　浅黄に見ゆる　折もあり,shiragiku ya / asagi ni miyuru / ori mo ari,"white chrysanthemums —
sometimes they appear pale blue,
in certain light",橿良,Kashiragi,,Autumn,白菊 shiragiku (white chrysanthemum),,Yamashito Haiku Rekishi,Chapter 7: The Stirring of the Mid-Edo Revival,,,,,,,,,,,,,,,,,,,
椿落て　一音皆　心に対ふ,tsubaki ochite / hitoto-ne mina / kokoro ni mukau,"a camellia drops —
one sound, and all
turns toward the heart",麦水,Bakusui,,Spring,椿 tsubaki (camellia),,Yamashito Haiku Rekishi,Chapter 7: The Stirring of the Mid-Edo Revival,,,,,,,,,,,,,,,,,,,
湖の水　鳴く蛙か　こほす蛙か,mizuumi no mizu / naku kawazu ka / kobosu kawazu ka,"the lake's water —
frogs calling, or
frogs spilling it?",,Bakusui,,Spring,蛙 kawazu (frog),,Yamashito Haiku Rekishi,Chapter 7: The Stirring of the Mid-Edo Revival,,,,,,,,,,,,,,,,,,,
九月尽　遙かに能登の　岬の海,kugatsu jin / haruka ni Noto no / misaki no umi,"the end of the ninth month —
in the distance, the sea
at the cape of Noto",暁台,Gyōdai,,Autumn,九月尽 kugatsu jin (end of the ninth month),,Yamashito Haiku Rekishi,Chapter 7: The Stirring of the Mid-Edo Revival,,,,,,,,,,,,,,,,,,,
はるののゆき扇ではらふ　衣紋かな,harunono yuki / ōgi de harau / eimon kana,"spring-field snow —
brushing it off with a fan:
straightening the robe",,Gyōdai,,Spring,春野 haruno (spring field),,Yamashito Haiku Rekishi,Chapter 7: The Stirring of the Mid-Edo Revival,,,,,,,,,,,,,,,,,,,
薫の梅が香ふく　板戸ころかな,kaoru ume ga ka / fuku itado / koro kana,"the fragrant plum's scent blowing —
a wooden shutter
rolling",,Gyōdai,,Spring,梅 ume (plum blossoms),,Yamashito Haiku Rekishi,Chapter 7: The Stirring of the Mid-Edo Revival,,,,,,,,,,,,,,,,,,,
若菜野や　赤裳引きづる　雪の上,wakana no ya / akamo hikizuru / yuki no ue,"the young-greens field —
a red skirt trailing
across the snow",闌更,Ranko,,New Year,若菜 wakana (young greens; spring greens),,Yamashito Haiku Rekishi,Chapter 7: The Stirring of the Mid-Edo Revival,,,,,,,,,,,,,,,,,,,
蝶飛ぶや　小狐狂ふ　岡のはら,chō tobu ya / kogitsune kuruu / oka no hara,"butterflies flying —
a small fox frolicking
on the hillside plain",,Ranko,,Spring,蝶 chō (butterfly),,Yamashito Haiku Rekishi,Chapter 7: The Stirring of the Mid-Edo Revival,,,,,,,,,,,,,,,,,,,
白根牡丹や　只一輪の　盛り草の花,shirane botan ya / tada ichirin no / sakari kusa no hana,"Shirane peony —
just one bloom,
a flower at its peak among the grasses",,Ranko,,Summer,牡丹 botan (peony),,Yamashito Haiku Rekishi,Chapter 7: The Stirring of the Mid-Edo Revival,,,,,,,,,,,,,,,,,,,
夕風や　野川を蝶の　越えしより,yūkaze ya / nogawa wo chō no / koeshi yori,"the evening wind —
since the butterfly crossed
the field stream",白雄,Shirane,,Spring,蝶 chō (butterfly),,Yamashito Haiku Rekishi,Chapter 7: The Stirring of the Mid-Edo Revival,,,,,,,,,,,,,,,,,,,
人恋し　灯ともしごろを　さくらちな,hito koishi / hi tomoshi goro wo / sakura chi na,"longing for someone —
at the hour of lighting lamps,
cherry blossoms fall",,Shirane,,Spring,桜 sakura (cherry blossoms),,Yamashito Haiku Rekishi,Chapter 7: The Stirring of the Mid-Edo Revival,,,,,,,,,,,,,,,,,,,
行く秋の　草にかくる　流れかな,yuku aki no / kusa ni kakuru / nagare kana,"autumn going —
a stream hidden
in the grasses",,Shirane,,Autumn,行く秋 yuku aki (departing autumn),,Yamashito Haiku Rekishi,Chapter 7: The Stirring of the Mid-Edo Revival,,,,,,,,,,,,,,,,,,,
木枯や　市に業の　琴をき,kogarashi ya / ichi ni waza no / koto wo ki,"the winter gale —
at the market, a craftsman's
koto being played",,Shirane,,Winter,木枯 kogarashi (winter gale),,Yamashito Haiku Rekishi,Chapter 7: The Stirring of the Mid-Edo Revival,,,,,,,,,,,,,,,,,,,
鶏の鞘に　氷こほる　菜屑かな,niwatori no / saya ni kooru / nakuzu kana,"in the rooster's beak —
ice forming
on the cabbage scraps",,Shirane,,Winter,氷 kōri (ice),,Yamashito Haiku Rekishi,Chapter 7: The Stirring of the Mid-Edo Revival,,,,,,,,,,,,,,,,,,,
君が代や　二三度し　たると　とし忘れ,kimi ga yo ya / ni san do shi / taru to / toshi wasure,"the age of our lord —
two or three times already
we have forgotten the year","蕪村, as Saicho 宰町",Buson,,New Year,年忘れ toshi wasure (year-forgetting party),,Yamashito Haiku Rekishi,Chapter 8: The Life and Literature of Buson,,,,,,,,,,,,,,,,,,,
古庭に　鶯略き　ぬ日もすがら,furuniwa ni / uguisu naki / nu hi mo sugara,"in the old garden —
the warbler cries
all through a rainy day",,Buson,,Spring,鶯 uguisu (warbler; bush warbler),,Yamashito Haiku Rekishi,Chapter 8: The Life and Literature of Buson,,,,,,,,,,,,,,,,,,,
花守の　身は弓　矢なき　かしかな,hanamori no / mi wa yumi / yaki / kashi kana,"the blossom-guardian's body —
bow without arrow,
oak tree",,Buson,,Spring,花 hana (blossoms; cherry blossoms),,Yamashito Haiku Rekishi,Chapter 8: The Life and Literature of Buson,,,,,,,,,,,,,,,,,,,
夕風や　水青鷺の　脛をうつ,yūkaze ya / mizu ao-sagi no / hagi wo utsu,"the evening breeze —
water striking the legs
of the grey heron",,Buson,,Summer,鷺 sagi (heron),,Yamashito Haiku Rekishi,Chapter 8: The Life and Literature of Buson,,,,,,,,,,,,,,,,,,,
しら梅に　明る夜ばかりと　なりにけり,shirame ni / akuru yo bakari to / nari ni keri,"the white plum —
it has become a night
brightened only by this",,Buson,,Spring,白梅 shirome / shiroume (white plum blossoms),,Yamashito Haiku Rekishi,Chapter 8: The Life and Literature of Buson,,,,,,,,,,,,,,,,,,,
春雨や　小磯の小貝　ぬるるほど,harusame ya / koiso no kogai / nururu hodo,"spring rain —
enough to wet
the tiny shells on the small shore",,Buson,,Spring,春雨 harusame (spring rain),,Yamashito Haiku Rekishi,Chapter 8: The Life and Literature of Buson,,,,,,,,,,,,,,,,,,,
菜の花や　月は東に　日は西に,na no hana ya / tsuki wa higashi ni / hi wa nishi ni,"rapeseed blossoms —
the moon in the east,
the sun in the west",,Buson,,Spring,菜の花 na no hana (rapeseed blossoms),,Yamashito Haiku Rekishi,Chapter 8: The Life and Literature of Buson,,,,,,,,,,,,,,,,,,,
さみだれや　大河を前に　家二軒,samidare ya / taiga wo mae ni / ie ni ken,"the May rains —
facing the great river,
two houses",,Buson,,Summer,五月雨 samidare (May rains; summer rains),,Yamashito Haiku Rekishi,Chapter 8: The Life and Literature of Buson,,,,,,,,,,,,,,,,,,,
方百里　雨雲よせぬ　ぼたんかな,hō hyakuri / amagumo yosenu / botan kana,"for a hundred leagues around —
no rain cloud approaches:
the peony",,Buson,,Summer,牡丹 botan (peony),,Yamashito Haiku Rekishi,Chapter 8: The Life and Literature of Buson,,,,,,,,,,,,,,,,,,,
我と来て　遊べや親の　ない雀,ware to kite / asobe ya oya no / nai suzume,"come play with me —
you, sparrow,
with no parent either",一茶,Issa,,,雀 suzume (sparrow),,Yamashito Haiku Rekishi,Chapter 10: The Individuality of Issa,,,,,,,,,,,,,,,,,,,
初夢に　故郷を見て　泪かな,hatsuyume ni / furusato wo mite / namida kana,"in my first dream —
i saw my home village,
and wept",,Issa,,New Year,初夢 hatsuyume (first dream of the year),,Yamashito Haiku Rekishi,Chapter 10: The Individuality of Issa,,,,,,,,,,,,,,,,,,,
父あり て　明の見たし　草の露,chichi arite / asu mo mitashi / kusa no tsuyu,"my father is here —
i want to see tomorrow too,
the dew on the grass",,Issa,,Autumn,草の露 kusa no tsuyu (dew on grass),,Yamashito Haiku Rekishi,Chapter 10: The Individuality of Issa,,,,,,,,,,,,,,,,,,,
雪の日や　故郷人の　ぶあしらひ,yuki no hi ya / furusato bito no / buashirai,"a snowy day —
the cold reception
of home-village people",,Issa,,Winter,雪 yuki (snow),,Yamashito Haiku Rekishi,Chapter 10: The Individuality of Issa,,,,,,,,,,,,,,,,,,,
心からし　なの雪に降られけり,kokoro karashi / na no yuki ni / furarekeri,"from the heart —
fallen upon by the snow
of the plain",,Issa,,Winter,雪 yuki (snow),,Yamashito Haiku Rekishi,Chapter 10: The Individuality of Issa,,,,,,,,,,,,,,,,,,,
五十 甥 天窓をかくす　扇かな,gojū oi / tenmado kakusu / ōgi kana,"fifty —
hiding the skylight
with a fan",,Issa,,Summer,扇 ōgi (fan; summer fan),,Yamashito Haiku Rekishi,Chapter 10: The Individuality of Issa,,,,,,,,,,,,,,,,,,,
露の世は　露の世ながら　さりながら,tsuyu no yo wa / tsuyu no yo nagara / sari nagara,"this world of dew —
yes, it is only a world of dew,
and yet... and yet...",,Issa,,Autumn,露 tsuyu (dew; autumn dew),,Yamashito Haiku Rekishi,Chapter 10: The Individuality of Issa,,,,,,,,,,,,,,,,,,,
六十　踊る夜もなく　過ごしけり,rokujū / odoru yo mo naku / sugoshi keri,"sixty —
not a single night
of dancing has passed",,Issa,,,,,Yamashito Haiku Rekishi,Chapter 10: The Individuality of Issa,,,,,,,,,,,,,,,,,,,
沙汐浜を　反故にして　飛ぶ千鳥かな,sachio hama wo / hōgu ni shite / tobu chidori kana,"leaving the sandy shore
as waste paper —
flying plovers",,Issa,,Winter,千鳥 chidori (plover),,Yamashito Haiku Rekishi,Chapter 10: The Individuality of Issa,,,,,,,,,,,,,,,,,,,
瘦せ蛙　負けるな一茶　是にあり,yasegaeru / makeru na Issa / kore ni ari,"thin frog —
don't give up, Issa
is here",,Issa,,Spring,蛙 kawazu (frog),,Yamashito Haiku Rekishi,Chapter 10: The Individuality of Issa,,,,,,,,,,,,,,,,,,,
やれ打つな　蝿が手を摺り　足を擦る,yare utsu na / hae ga te wo suri / ashi wo suru,"don't swat it —
the fly is rubbing
its hands and feet together",,Issa,,Summer,蝿 hae (fly; housefly),,Yamashito Haiku Rekishi,Chapter 10: The Individuality of Issa,,,,,,,,,,,,,,,,,,,
大仏の柱や　汐干の跡の水,daibutsu no / hashira ya shiohiru / ato no mizu,"the great buddha's pillar —
water left behind
by the ebbing tide",二柳,Niryū,,Spring,汐干 shiohiru (ebb tide; spring low tide),,Yamashito Haiku Rekishi,Chapter 11: The Maturation of the Kasei Era,,,,,,,,,,,,,,,,,,,
うすうすと　南天赤し　今朝の雪,usuusu to / nanten akashi / kesa no yuki,"faintly, faintly —
the nandina's red berries
this morning's snow",,Niryū,,Winter,雪 yuki (snow),,Yamashito Haiku Rekishi,Chapter 11: The Maturation of the Kasei Era,,,,,,,,,,,,,,,,,,,
白ぎくや　籬をめぐる　忘れ水,shiragiku ya / magaki wo meguru / wasuremizu,"white chrysanthemums —
water wandering round
the fence, and forgotten",,Niryū,,Autumn,白菊 shiragiku (white chrysanthemum),,Yamashito Haiku Rekishi,Chapter 11: The Maturation of the Kasei Era,,,,,,,,,,,,,,,,,,,
秋来ぬと　目にはさやかに　見えねども,aki kinu to / me ni wa sayaka ni / mienedomo,"autumn has come —
though not yet clearly seen
by the eye",大江丸,Ōemaru,,Autumn,秋来ぬ aki kinu (autumn has come),,Yamashito Haiku Rekishi,Chapter 11: The Maturation of the Kasei Era,,,,,,,,,,,,,,,,,,,
うつかりと　名所の中に　田打つ鳥,utsukari to / meisho no naka ni / ta utsu tori,"absentmindedly —
in the middle of a famous place,
a bird tilling the field",,Ōemaru,,Spring,田打つ ta utsu (tilling the field; spring plowing),,Yamashito Haiku Rekishi,Chapter 11: The Maturation of the Kasei Era,,,,,,,,,,,,,,,,,,,
苗代や　小蛇のわたる　夕の雪,nawashiro ya / kojа no wataru / yū no yuki,"the seedbed —
a small snake crossing
in the evening snow",,Ōemaru,,Spring,苗代 nawashiro (seedbed; rice seedbed),,Yamashito Haiku Rekishi,Chapter 11: The Maturation of the Kasei Era,,,,,,,,,,,,,,,,,,,
海にすむ　魚の如　身を月涼し,umi ni sumu / sakana no goto / mi wo tsuki suzushi,"like a fish
living in the sea —
my body, cool in the moonlight",星布,Seifu,,Autumn,月涼し tsuki suzushi (cool moon),,Yamashito Haiku Rekishi,Chapter 11: The Maturation of the Kasei Era,,,,,,,,,,,,,,,,,,,
長き夜や　思ひあまりの　泣寝入り,nagaki yo ya / omoi amari no / nakineiri,"the long night —
overwhelmed by feeling,
crying myself to sleep",,Seifu,,Autumn,長き夜 nagaki yo (long night),,Yamashito Haiku Rekishi,Chapter 11: The Maturation of the Kasei Era,,,,,,,,,,,,,,,,,,,
蝶老てたましひ　菊にあそぶかな,chō oite / tamashii kiku ni / asobu kana,"the butterfly grown old —
its spirit
plays among the chrysanthemums",,Seifu,,Autumn,菊 kiku (chrysanthemum),,Yamashito Haiku Rekishi,Chapter 11: The Maturation of the Kasei Era,,,,,,,,,,,,,,,,,,,
人恋し　雪の朝気を　ただひとり,hito koishi / yuki no asake wo / tada hitori,"longing for someone —
in the snowy morning light,
utterly alone",菊舎,Kikusha,,Winter,雪 yuki (snow),,Yamashito Haiku Rekishi,Chapter 11: The Maturation of the Kasei Era,,,,,,,,,,,,,,,,,,,
山中や　笠に落葉の　音ばかり,yamanaka ya / kasa ni ochiba no / oto bakari,"deep in the mountains —
only the sound of falling leaves
on my hat",,Kikusha,,Autumn,落葉 ochiba (falling leaves),,Yamashito Haiku Rekishi,Chapter 11: The Maturation of the Kasei Era,,,,,,,,,,,,,,,,,,,
山門を出ればゆく物みなあをし,sanmon wo / dereba yuku mono / mina aoshi,"leaving the temple gate —
everything that goes
is green",,Kikusha,,Summer,青し aoshi (green; summer green),,Yamashito Haiku Rekishi,Chapter 11: The Maturation of the Kasei Era,,,,,,,,,,,,,,,,,,,
魚くうて口なまぐさし　昼の月,sakana kuute / kuchi namagusashi / hiru no tsuki,"having eaten fish —
the mouth tastes of the sea:
the moon at noon",士朗,Shirō,,Autumn,昼の月 hiru no tsuki (noon moon),,Yamashito Haiku Rekishi,Chapter 11: The Maturation of the Kasei Era,,,,,,,,,,,,,,,,,,,
草山や　潮のびてくる　春の雁,kusayama ya / shio nobite kuru / haru no kari,"grassy mountains —
the tide coming in:
geese of spring",成美,Seibi,,Spring,春の雁 haru no kari (spring geese),,Yamashito Haiku Rekishi,Chapter 11: The Maturation of the Kasei Era,,,,,,,,,,,,,,,,,,,
魚くうて　口なまぐさし　昼の月,sakana kuute / kuchi namagusashi / hiru no tsuki,"having eaten fish —
the mouth tastes raw,
moon at noon",,Seibi,,Autumn,昼の月 hiru no tsuki (noon moon),,Yamashito Haiku Rekishi,Chapter 11: The Maturation of the Kasei Era,,,,,,,,,,,,,,,,,,,
松風や　時うつりして　海苔の寄る,matsukaze ya / toki utsuri shite / nori no yoru,"the pine wind —
time passing,
the seaweed gathering",乙二,Etsuji,,,海苔 nori (seaweed; spring kigo),,Yamashito Haiku Rekishi,Chapter 11: The Maturation of the Kasei Era,,,,,,,,,,,,,,,,,,,
塩買ひて　かへる径や　落葉時,shio kaite / kaeru michi ya / ochiba toki,"returning home
with salt bought —
the season of falling leaves",,Etsuji,,Autumn,落葉 ochiba (falling leaves),,Yamashito Haiku Rekishi,Chapter 11: The Maturation of the Kasei Era,,,,,,,,,,,,,,,,,,,
卯の花の　満ちたり月は　廿日頃,unohana no / michitari tsuki wa / hatsuka goro,"the deutzia in full bloom —
the moon is
around the twentieth",月居,Getsukyo,,Summer,卯の花 unohana (deutzia blossoms),,Yamashito Haiku Rekishi,Chapter 11: The Maturation of the Kasei Era,,,,,,,,,,,,,,,,,,,
梅散るや　夜の道具市,ume chiru ya / yoru no dōgu ichi,"the plum petals scatter —
the night antiques market",巣兆,Sōchō,,Spring,梅 ume (plum blossoms),,Yamashito Haiku Rekishi,Chapter 11: The Maturation of the Kasei Era,,,,,,,,,,,,,,,,,,,
蝉の音に添ふて　家々に結ふ　粽かな,semi no ne ni / soute ie-ie ni / musubu chimaki kana,"to the cicada's cry —
in house after house,
tying the rice dumplings",,Sōchō,,Summer,蝉 semi (cicada); 粽 chimaki (rice dumpling; summer food),,Yamashito Haiku Rekishi,Chapter 11: The Maturation of the Kasei Era,,,,,,,,,,,,,,,,,,,
乳を隠す　泥手わりなき　田植かな,chichi wo kakusu / dote warinaki / taue kana,"hiding the breast —
muddy hands, nothing for it,
rice planting",梅室,Baishitsu,,Summer,田植 taue (rice planting),,Yamashito Haiku Rekishi,Chapter 12: The Expansion of the Tenpō Era and the Late Edo Period,,,,,,,,,,,,,,,,,,,
秋風や　板絵馬さわぐ　蔵の神,akikaze ya / itaema sawagu / kura no kami,"autumn wind —
the wooden votive horse rattling,
the storehouse deity",,Baishitsu,,Autumn,秋風 akikaze (autumn wind),,Yamashito Haiku Rekishi,Chapter 12: The Expansion of the Tenpō Era and the Late Edo Period,,,,,,,,,,,,,,,,,,,
ふゆの夜や　針うしなうて　おそろしき,fuyu no yo ya / hari ushinaute / osoroshiki,"a winter night —
having lost the needle,
a terrifying thing",,Baishitsu,,Winter,冬の夜 fuyu no yo (winter night),,Yamashito Haiku Rekishi,Chapter 12: The Expansion of the Tenpō Era and the Late Edo Period,,,,,,,,,,,,,,,,,,,
春の雪ゆきの遠山　見えて降る,haru no yuki / yuki no tōyama / miete furu,"spring snow —
the far mountains visible
as it falls",卓池,Takuchi,,Spring,春の雪 haru no yuki (spring snow),,Yamashito Haiku Rekishi,Chapter 12: The Expansion of the Tenpō Era and the Late Edo Period,,,,,,,,,,,,,,,,,,,
五月雨や　猫かりに来る　船の者,samidare ya / neko kari ni kuru / fune no mono,"the May rains —
a sailor coming
to borrow the cat",,Takuchi,,Summer,五月雨 samidare (May rains; summer rains),,Yamashito Haiku Rekishi,Chapter 12: The Expansion of the Tenpō Era and the Late Edo Period,,,,,,,,,,,,,,,,,,,
山風に　星のつぶだつ　さむかな,yamakaze ni / hoshi no tsubusuku / samu kana,"in the mountain wind —
the stars sharp and hard,
the cold",,Takuchi,,Winter,寒さ samu (cold),,Yamashito Haiku Rekishi,Chapter 12: The Expansion of the Tenpō Era and the Late Edo Period,,,,,,,,,,,,,,,,,,,
雪解けや　車はさうな　障子かげ,yukidoke ya / kuruma wa sō na / shōji kage,"the thaw —
a cart might pass,
the shoji's shadow",多代女,Tayo,,Spring,雪解け yukidoke (snow thaw),,Yamashito Haiku Rekishi,Chapter 12: The Expansion of the Tenpō Era and the Late Edo Period,,,,,,,,,,,,,,,,,,,
三日月の　光ばかりの　夕涼み,mikazuki no / hikari bakari no / yūsuzumi,"just the light
of the crescent moon —
evening cool",,Tayo,,Summer,夕涼み yūsuzumi (evening cool),,Yamashito Haiku Rekishi,Chapter 12: The Expansion of the Tenpō Era and the Late Edo Period,,,,,,,,,,,,,,,,,,,
月澄む　馬の座敷を　ほのぼのる人の声,tsuki sumu / uma no zashiki wo / honobonoru hito no koe,"the moon clears —
in the horse's parlour,
a voice glowing faintly",為山,Isan,,Autumn,月澄む tsuki sumu (moon clearing; clear autumn moon),,Yamashito Haiku Rekishi,Chapter 12: The Expansion of the Tenpō Era and the Late Edo Period,,,,,,,,,,,,,,,,,,,
海を見て　戻れば霞む　戸口かな,umi wo mite / modoreba kasumu / toguchi kana,"after seeing the sea —
coming back, the doorway
is hazy",,Isan,,Spring,霞 kasumi (spring haze),,Yamashito Haiku Rekishi,Chapter 12: The Expansion of the Tenpō Era and the Late Edo Period,,,,,,,,,,,,,,,,,,,
石坂の　照りつけられて　蝉の声,ishizaka no / teritsuke rarete / semi no koe,"the stone slope
beating down heat —
the cicada's cry",等栽,Ezan,,Summer,蝉 semi (cicada),,Yamashito Haiku Rekishi,Chapter 12: The Expansion of the Tenpō Era and the Late Edo Period,,,,,,,,,,,,,,,,,,,
菜の花に　入らんとするや　走り波,na no hana ni / iranto suru ya / hashiri nami,"about to enter
the rapeseed blossoms —
a running wave",春湖,Harumi,,Spring,菜の花 na no hana (rapeseed blossoms),,Yamashito Haiku Rekishi,Chapter 12: The Expansion of the Tenpō Era and the Late Edo Period,,,,,,,,,,,,,,,,,,,
鴨の毛の　流れとまるや　芹の中,kamo no ke no / nagare tomaru ya / seri no naka,"the feather of a duck —
coming to rest
among the water-parsley",梅年,Bainen,,Spring,芹 seri (water parsley; spring herb),,Yamashito Haiku Rekishi,Chapter 12: The Expansion of the Tenpō Era and the Late Edo Period,,,,,,,,,,,,,,,,,,,
冬枯や　沼をたっきの　家二軒,fuyugare ya / numa wo tatsu ki no / ie ni ken,"winter desolation —
over the marsh, two houses
with trees standing",,Bainen,,Winter,冬枯 fuyugare (winter desolation),,Yamashito Haiku Rekishi,Chapter 12: The Expansion of the Tenpō Era and the Late Edo Period,,,,,,,,,,,,,,,,,,,
