Kigo_Slug,Kigo_JP,Kigo_Romaji,Kigo_EN,Season,Category,Seq
haru,春,haru,spring,Spring,Season,1
risshun,立春,risshun,beginning of spring,Spring,Season,2
harufukashi,春深し,harufukashi,spring is deep,Spring,Season,3
haruasashi,春浅し,haruasashi,spring is slight,Spring,Season,4
saekaeru,冱返る,saekaeru,returns of clear coldness,Spring,Season,5
harusamu,春寒,harusamu,coldness of spring,Spring,Season,6
harumeku,春めく,harumeku,spring-like,Spring,Season,7
keichitsu,啓蟄,keichitsu,insects awake,Spring,Season,8
higan,彼岸,higan,spring equinox,Spring,Season,9
yokan,余寒,yokan,lingering coldness,Spring,Season,10
harunohi,春の日,harunohi,day in spring,Spring,Season,11
shungyo,春暁,shungyo,spring dawn,Spring,Season,12
harunokure,春の暮,harunokure,end of a spring day,Spring,Season,13
harunoyoi,春の宵,harunoyoi,evening in spring,Spring,Season,14
harunoyoru,春の夜,harunoyoru,nights of spring,Spring,Season,15
hinaga,日永,hinaga,long days,Spring,Season,16
chijitsu,遅日,chijitsu,late sun,Spring,Season,17
atataka,暖か,atataka,warmth,Spring,Season,18
uraraka,麗か,uraraka,bright,Spring,Season,19
nodoka,長閑,nodoka,balmy,Spring,Season,20
kurenoharu,暮の春,kurenoharu,end of spring,Spring,Season,21
yukuharu,行く春,yukuharu,departing spring,Spring,Season,22
haruoshimu,春惜しむ,haruoshimu,regret for spring,Spring,Season,23
harunoyuu,春の夕,harunoyuu,spring dusk-time,Spring,Season,24
shunbun,春分,shunbun,,Spring,Season,25
harunosora,春の空,harunosora,spring sky,Spring,Celestial,26
harunotsuki,春の月,harunotsuki,spring moon,Spring,Celestial,27
oborozuki,朧月,oborozuki,hazy moon,Spring,Celestial,28
harukaze,春風,harukaze,spring wind,Spring,Celestial,29
kochi,東風,kochi,east wind,Spring,Celestial,30
harunoame,春の雨,harunoame,spring rain,Spring,Celestial,31
hananoame,花の雨,hananoame,flower's rain,Spring,Celestial,32
harunoyuki,春の雪,harunoyuki,spring snow,Spring,Celestial,33
awayuki,淡雪,awayuki,light snow,Spring,Celestial,34
shunrai,春雷,shunrai,spring thunder,Spring,Celestial,35
kasumi,霞,kasumi,haze,Spring,Celestial,36
kagero,陽炎,kagero,heat ripples,Spring,Celestial,37
hanagumori,花曇り,hanagumori,flower cloudiness,Spring,Celestial,38
kazehikaru,風光る,kazehikaru,wind sparkles,Spring,Celestial,39
yukinohate,雪の果,yukinohate,last of snow,Spring,Celestial,40
wasurejimo,忘れ霜,wasurejimo,last frost,Spring,Celestial,41
hanabie,花冷え,hanabie,flowers' chill,Spring,Celestial,42
harunoyama,春の山,harunoyama,spring mountain,Spring,Landscape,43
yamawarau,山笑ふ,yamawarau,mountains laugh,Spring,Landscape,44
harunono,春の野,harunono,spring field,Spring,Landscape,45
yakino,焼野,yakino,burnt field,Spring,Landscape,46
harunomizu,春の水,harunomizu,springtime water,Spring,Landscape,47
mizunurumu,水温む,mizunurumu,water grows tepid,Spring,Landscape,48
harunoumi,春の海,harunoumi,spring ocean,Spring,Landscape,49
shiohigata,潮干潟,shiohigata,ebb-tide beach,Spring,Landscape,50
nokoruyuki,残る雪,nokoruyuki,remaining snow,Spring,Landscape,51
yukidoke,雪解,yukidoke,thaw,Spring,Landscape,52
haruta,春田,haruta,spring ricefield,Spring,Landscape,53
nawashiro,苗代,nawashiro,rice-seeding bed,Spring,Landscape,54
usurai,薄氷,usurai,thin ice,Spring,Landscape,55
nadare,雪崩,nadare,avalanche,Spring,Landscape,56
shundei,春泥,shundei,spring mud,Spring,Landscape,57
yukishiro,雪しろ,yukishiro,,Spring,Landscape,58
kusamochi,草餅,kusamochi,grass cakes,Spring,Life,59
tauchi-hatauchi,田打・畑打,tauchi / hatauchi,ploughing the ricefields / vegetable fields,Spring,Life,60
tanemaki,種蒔,tanemaki,sowing seeds,Spring,Life,61
hanami,花見,hanami,flower viewing,Spring,Life,62
hanamori,花守,hanamori,flower guardian,Spring,Life,63
tako,凧,tako,kites,Spring,Life,64
shusen,鞦韆,shusen,swings,Spring,Life,65
shunmin,春眠,shunmin,spring sleep,Spring,Life,66
hatsuuma,初午,hatsuuma,first horse day,Spring,Life,67
hinamatsuri,雛祭,hinamatsuri,dolls' festival,Spring,Life,68
nehane,涅槃会,nehane,nirvana rites,Spring,Life,69
henro,遍路,henro,pilgrims,Spring,Observance,70
nyugaku,入学,nyugaku,entering a school,Spring,Observance,71
sotsugyo,卒業,sotsugyo,graduation,Spring,Life,72
saigyoki,西行忌,saigyoki,saigyo's death anniversary,Spring,Observance,73
fusen,風船,fusen,balloons,Spring,Life,74
kazaguruma,風車,kazaguruma,pinwheel,Spring,Life,75
shabondama,石鹸玉,shabondama,soap bubbles,Spring,Life,76
yozakura,夜桜,yozakura,night cherries,Spring,Life,77
tagaeshi,耕,tagaeshi,,Spring,Life,78
wakagoma,若駒,wakagoma,young colt,Spring,Life,79
nekonokoi,猫の恋,nekonokoi,cats' love,Spring,Animals,80
nekonoko,猫の子,nekonoko,kittens,Spring,Animals,81
otamajakushi,お玉杓子,otamajakushi,tadpoles,Spring,Animals,82
kawazu,蛙,kawazu,frog,Spring,Animals,83
momochidori,百千鳥,momochidori,numerous birds,Spring,Animals,84
torinosu,鳥の巣,torinosu,bird nest,Spring,Animals,85
saezuri,囀,saezuri,warbling,Spring,Animals,86
suzumenoko,雀の子,suzumenoko,sparrow fledgelings,Spring,Animals,87
hibari,雲雀,hibari,skylark,Spring,Animals,88
uso,鷽,uso,bullfinch,Spring,Animals,89
tsubame,燕,tsubame,swallows,Spring,Animals,90
kaerukari,帰る雁,kaerukari,returning geese,Spring,Animals,91
sakuradai,桜鯛,sakuradai,spring seabream,Spring,Animals,92
shirauo,白魚,shirauo,white bait,Spring,Animals,93
wakaayu,若鮎,wakaayu,,Spring,Animals,94
ayu,鮎,Ayu,sweet-fish,Spring,Animals,95
cho,蝶,cho,butterfly,Spring,Animals,96
hachi,蜂,hachi,bee,Spring,Animals,97
hachinosu,蜂の巣,hachinosu,bee nest,Spring,Animals,98
abu,虻,abu,horsefly,Spring,Animals,99
ari-ana-wo-deru,蟻穴を出る,ari ana wo deru,ants come out of holes,Spring,Animals,100
hamaguri,蛤,hamaguri,,Spring,Animals,101
kiji,雉子,kiji,pheasant,Spring,Animals,102
nishin,鰊,nishin,herring,Spring,Animals,103
uguisu,鶯,uguisu,japanese bush warbler,Spring,Animals,104
ume,梅,ume,plum blossoms,Spring,,105
kobai,紅梅,kobai,red plum flowers,Spring,Plants,106
tsubaki,椿,tsubaki,camellia,Spring,Plants,107
hatsuhana,初花,hatsuhana,first cherry flowers,Spring,Plants,108
hatsuzakura,初桜,hatsuzakura,first cherry flowers,Spring,Plants,109
sakura,桜,sakura,cherry blossoms,Spring,Plants,110
hana,花,hana,cherry blossoms,Spring,Plants,111
yamazakura,山桜,yamazakura,mountain cherry flowers,Spring,Plants,112
yaezakura,八重桜,yaezakura,double cherry flowers,Spring,Plants,113
osozakura,遅桜,osozakura,late cherry blossoms,Spring,Plants,114
zanka,残花,zanka,remaining flowers,Spring,Plants,115
tsutsuji,躑躅,tsutsuji,azalea,Spring,Plants,116
mokuren,木蓮,mokuren,magnolia,Spring,Plants,117
fuji,藤,fuji,wisteria,Spring,Plants,118
yamabuki,山吹,yamabuki,kerria japonica,Spring,Plants,119
momonohana,桃の花,momonohana,peach blossoms,Spring,Plants,120
nashinohana,梨の花,nashinohana,pear flowers,Spring,Plants,121
bokenohana,木瓜の花,bokenohana,quince flower,Spring,Plants,122
konome,木の芽,konome,tree buds,Spring,Plants,123
wakamidori,若緑,wakamidori,young green,Spring,Plants,124
kuwa,桑,kuwa,mulberry (young leaves),Spring,Plants,125
yanagi,柳,yanagi,weeping willow,Spring,Plants,126
takenoaki,竹の秋,takenoaki,bamboo autumn,Spring,Plants,127
churippu,チューリップ,churippu,tulips,Spring,Plants,128
nanohana,菜の花,nanohana,rapeseed flowers,Spring,Plants,129
harunokusa,春の草,harunokusa,spring grasses,Spring,Plants,130
shitamoe,下萌,shitamoe,grass sprouts,Spring,Plants,131
wakakusa,若草,wakakusa,young grasses,Spring,Plants,132
tsukushi,土筆,tsukushi,horsetail grass,Spring,Plants,133
warabi,蕨,warabi,bracken,Spring,Plants,134
tsubana,茅花,tsubana,lalang flower,Spring,Plants,135
sumire,菫,sumire,violets,Spring,Plants,136
tanpopo,蒲公英,tanpopo,dandelion,Spring,Plants,137
seri,芹,seri,japanese parsley,Spring,Plants,138
yomogi,蓬,yomogi,mugwort,Spring,Plants,139
migusaou,水草生ふ,migusaou,water grasses sprout,Spring,Plants,140
wakame,和布,wakame,undaria pinnatifide,Spring,Plants,141
aomugi,青麦,aomugi,green wheat,Spring,Plants,142
nori,海苔,nori,laver,Spring,Plants,143
ryujo,柳絮,ryujo,willow fluff,Spring,Plants,144
azami,薊,azami,thistle,Spring,Plants,145
natsu,夏,natsu,summer,Summer,Season,146
uzuki,卯月,uzuki,deutzia month,Summer,Season,147
satsuki,皐月,satsuki,fifth month,Summer,Season,148
minazuki,水無月,minazuki,waterless month,Summer,Season,149
rokugatsu,六月,rokugatsu,sixth month,Summer,Season,150
rikka,立夏,rikka,,Summer,Season,151
natsu-asashi,夏浅し,natsu asashi,summer yet slight,Summer,Season,152
shoka,初夏,shoka,,Summer,Season,153
natsu-meku,夏めく,natsu meku,summery,Summer,Season,154
mugi-no-aki,麦の秋,mugi no aki,wheat's autumn,Summer,Season,155
natsu-no-hi,夏の日,natsu no hi,summer day,Summer,Season,156
natsu-no-yo,夏の夜,natsu no yo,summer nights,Summer,Season,157
mijika-yo,短夜,mijika yo,short nights,Summer,Season,158
atsusa,暑さ,atsusa,heat,Summer,Season,159
atsushi,暑し,atsushi,hot,Summer,Season,160
suzushisa,涼しさ,suzushisa,coolness,Summer,Season,161
suzushi,涼し,suzushi,cool,Summer,Season,162
akichikashi,秋近し,akichikashi,autumn is near,Summer,Season,163
yorunoaki,夜の秋,yorunoaki,nights are autumn,Summer,Season,164
kumonomine,雲の峰,kumonomine,cloud peaks,Summer,Celestial,165
natsunotsuki,夏の月,natsunotsuki,summer moon,Summer,Celestial,166
aoarashi,青嵐,aoarashi,green gale,Summer,Celestial,167
kaze-kaoru,風薫る,kaze kaoru,scented breeze,Summer,Celestial,168
kunpu,薫風,kunpu,scented breeze,Summer,Celestial,169
yunagi,夕凪,yunagi,evening lull,Summer,Celestial,170
tsuyu,梅雨,tsuyu,rainy season,Summer,Celestial,171
samidare,五月雨,samidare,early summer rain,Summer,Celestial,172
yudachi,夕立,yudachi,evening downpour,Summer,Celestial,173
niji,虹,niji,rainbow,Summer,Celestial,174
kaminari,雷,kaminari,thunder,Summer,Celestial,175
satsukiyami,五月闇,satsukiyami,fifth month dark,Summer,Celestial,176
hizakari,日盛,hizakari,sun's might,Summer,Celestial,177
enten,炎天,enten,blazing heat,Summer,Celestial,178
minami,南風,minami,south wind,Summer,Celestial,179
hideri,旱,hideri,drought,Summer,Celestial,180
natsu-no-yama,夏の山,Natsu no yama,summer mountain,Summer,Landscape,181
natsuno,夏野,Natsuno,summer fields,Summer,Landscape,182
natsu-no-kawa,夏の川,Natsu no kawa,summer river,Summer,Landscape,183
natsu-no-umi,夏の海,Natsu no umi,summer ocean,Summer,Landscape,184
aota,青田,Aota,green ricefields,Summer,Landscape,185
izumi,泉,Izumi,spring,Summer,Landscape,186
shimizu,清水,Shimizu,pure water,Summer,Landscape,187
taki,滝,Taki,waterfall,Summer,Landscape,188
satsuki-fuji,五月富士,Satsuki Fuji,fifth month Mt. Fuji,Summer,Landscape,189
ueta,植田,Ueta,planted ricefields,Summer,Landscape,190
koromogae,更衣,Koromogae,change of garments,Summer,Life,191
usumono,羅,Usumono,silk kimono,Summer,Life,192
yukata,浴衣,Yukata,cotton kimono,Summer,Life,193
natsuboshi,夏帽子,Natsuboshi,summer hats,Summer,Life,194
korimizu,氷水,Korimizu,shaved ice,Summer,Life,195
natsuzashiki,夏座敷,Natsuzashiki,summer parlour,Summer,Life,196
sudare,簾（青簾）,sudare,blinds,Summer,Life,197
takamushiro,簀,takamushiro,bamboo mat,Summer,Life,198
tenkafun,天瓜粉,Tenkafun,talcum powder,Summer,Life,199
uchiwa,団扇,Uchiwa,round fan,Summer,Life,200
furin,風鈴,Furin,windbell,Summer,Life,201
somato,走馬灯,Somato,revolving lamp,Summer,Life,202
mushiboshi,虫干,Mushiboshi,insect airing,Summer,Life,203
taue,田植,Taue,rice-transplanting,Summer,Life,204
kusa-kari,草刈,Kusa kari,grass-cutting,Summer,Life,205
yana,魚簗,Yana,fish weir,Summer,Life,206
suzumi,納涼,Suzumi,cooling off,Summer,Life,207
hanabi,花火,Hanabi,fireworks,Summer,Life,208
natsu-yase,夏痩,Natsu yase,summer thinness,Summer,Life,209
tango,端午,Tango,,Summer,Life,210
koinobori,鯉幟,Koinobori,carp banners,Summer,Life,211
matsuri,祭,Matsuri,festivals,Summer,Observance,212
gione,祗園会,gione,gion Festival,Summer,Life,213
nagoshi,夏越,Nagoshi,summer purification,Summer,Life,214
mine-iri,峯入,Mine iri,entering the peak,Summer,Observance,215
busshoe,仏生会,Busshoe,buddha's birthday,Summer,Observance,216
kingyodama,金魚玉,Kingyodama,goldfish bowl,Summer,Life,217
mirukuseki,ミルクセーキ,mirukuseki,milk shake,Summer,Life,218
sodasui,ソーダ水,sodasui,soda water,Summer,Life,219
ukiningyo,浮人形,ukiningyo,floating toys,Summer,Life,220
hitoe,単衣,hitoe,unlined kimono,Summer,Life,221
shincha,新茶,Shincha,new tea,Summer,Life,222
mayu,繭,Mayu,cocoon,Summer,Life,223
ukai,鵜飼,Ukai,cormorant fishing,Summer,Life,224
gyozui,行水,Gyozui,tub-bath,Summer,Life,225
hashi-i,端居,Hashi-i,sit on veranda,Summer,Life,226
saotome,早乙女,Saotome,rice-planting women,Summer,Life,227
kanoko,鹿の子,Kanoko,fawn,Summer,Animals,228
komori,蝙蝠,Komori,bat,Summer,Animals,229
amagaeru,雨蛙,Amagaeru,rain frog,Summer,Animals,230
hikigaeru,蟇,Hikigaeru,toad,Summer,Animals,231
kajika,河鹿,Kajika,river frog,Summer,Animals,232
hototogisu,時鳥,hototogisu,lesser cuckoo,Summer,Animals,233
oi-uguisu,老鶯,Oi uguisu,old bush warbler,Summer,Animals,234
yoshikiri,葭切,yoshikiri,reed warbler,Summer,Animals,235
kawasemi,翡翠,Kawasemi,kingfisher,Summer,Animals,236
kuina,水鶏,Kuina,water rail,Summer,Animals,237
ayu-2,鮎,Ayu,sweet-fish,Summer,Animals,238
kingyo,金魚,Kingyo,goldfish,Summer,Animals,239
hatsugatsuo,初鰹,hatsugatsuo,first bonito,Summer,Animals,240
natsunomushi,夏の虫,natsunomushi,summer insects,Summer,Animals,241
hitorimushi-ga,火取虫（蛾）,hitorimushi (ga),moths,Summer,Animals,242
kemushi,毛虫,kemushi,caterpillar,Summer,Animals,243
hotaru,蛍,hotaru,firefly,Summer,Animals,244
semi,蝉,semi,cicada,Summer,Animals,245
utsusemi,空蝉,utsusemi,cicada shell,Summer,Animals,246
kabutomushi,兜虫,kabutomushi,beetle,Summer,Animals,247
hae,蝿,hae,flies,Summer,Animals,248
ka,蚊,ka,mosquito,Summer,Animals,249
ari,蟻,ari,ants,Summer,Animals,250
namekuji,蛞蝓,namekuji,slug,Summer,Animals,251
katatsumuri,蝸牛,katatsumuri,snail,Summer,Animals,252
NEEDS-SLUG-253,余花,,remnants of flowers,Summer,Plants,253
botan,牡丹,botan,tree peony,Summer,Plants,254
bara,薔薇,bara,rose,Summer,Plants,255
shakunage,石楠花,shakunage,rhododendron,Summer,Plants,256
hanatachibana,花橘,hanatachibana,citrus flower,Summer,Plants,257
ajisai,紫陽花,ajisai,hydrangea,Summer,Plants,258
aoume,青梅,aoume,green plums,Summer,Plants,259
natsukodachi,夏木立,natsukodachi,summer grove,Summer,Plants,260
shigeri,茂,shigeri,luxuriance,Summer,Plants,261
konoshitayami,木下闇,konoshitayami,under-trees darkness,Summer,Plants,262
shinju,新樹,shinju,new trees,Summer,Plants,263
wakaba,若葉,wakaba,young leaves,Summer,Plants,264
aoba,青葉,aoba,green leaves,Summer,Plants,265
wakakaede,若楓,wakakaede,young maple,Summer,Plants,266
tokiwagiochiba,常磐木落葉,tokiwagiochiba,evergreen fallen leaves,Summer,Plants,267
unohana,卯の花,unohana,deutzia flowers,Summer,Plants,268
ibaranohana,茨の花,ibaranohana,field rose,Summer,Plants,269
wakatake,若竹,wakatake,young bamboo,Summer,Plants,270
keshinohana,けしの花,keshinohana,poppy flowers,Summer,Plants,271
kakitsubata,杜若,kakitsubata,flower de luce,Summer,Plants,272
ayame,あやめ,ayame,blue flag,Summer,Plants,273
shobu,菖蒲,shobu,acorus,Summer,Plants,274
aoi,葵,aoi,hollyhock,Summer,Plants,275
himawari,向日葵,himawari,sunflower,Summer,Plants,276
suiren,睡蓮,suiren,water lily,Summer,Plants,277
yurinohana,百合（の花）,yurinohana,lily,Summer,Plants,278
ichigo,苺,ichigo,strawberries,Summer,Plants,279
urinohana,瓜（の花）,urinohana,melon flowers,Summer,Plants,280
takenoko,筍,takenoko,bamboo shoots,Summer,Plants,281
yugao,夕顔,yugao,moonflower,Summer,Plants,282
hasu,蓮,hasu,lotus,Summer,Plants,283
sanae,早苗,sanae,rice sprouts,Summer,Plants,284
natsukusa,夏草,natsukusa,summer grasses,Summer,Plants,285
aoashi,青芦,aoashi,green reeds,Summer,Plants,286
mugura,葎,mugura,hop vine,Summer,Plants,287
makomo,真菰,makomo,water-oat,Summer,Plants,288
hirugao,昼顔,hirugao,bindweed,Summer,Plants,289
ukikusa,萍（浮草）,ukikusa,duckweed,Summer,Plants,290
meron,メロン,meron,melon,Summer,Plants,291
shincha-2,新茶,Shincha,new tea,Summer,Plants,292
hazakura,葉桜,hazakura,leafy cherry tree,Summer,Plants,293
wakuraba,病葉,wakuraba,,Summer,Plants,294
mugi,麦,mugi,wheat,Summer,Plants,295
aki,秋,aki,autumn,Autumn,Season,296
fumizuki,文月,fumizuki,letters month,Autumn,Season,297
risshu,立秋,risshu,autumn begins,Autumn,Season,298
kesanoaki,今朝の秋,kesanoaki,,Autumn,Season,299
hatsuaki,初秋,hatsuaki,early autumn,Autumn,Season,300
zansho,残暑,zansho,lingering heat,Autumn,Season,301
akinohi,秋の日,akinohi,autumn day,Autumn,Season,302
aki-no-kure,秋の暮,aki no kure,autumn dusk,Autumn,Season,303
akinoyoru,秋の夜,akinoyoru,autumn night,Autumn,Season,304
akibiyori,秋日和,akibiyori,autumn fine weather,Autumn,Season,305
akibare,秋晴,akibare,,Autumn,Season,306
yonaga,夜長,yonaga,nights are long,Autumn,Season,307
hiyayaka,冷やか,hiyayaka,chilly,Autumn,Season,308
minishimu,身に入む,minishimu,it penetrates the body,Autumn,Season,309
asazamu,朝寒,asazamu,mornings are cold,Autumn,Season,310
yosamu,夜寒,yosamu,nights are cold,Autumn,Season,311
akifukashi,秋深し,akifukashi,well into autumn,Autumn,Season,312
yukuaki,行く秋,yukuaki,departing autumn,Autumn,Season,313
fuyudonari,冬隣,fuyudonari,next-door to winter,Autumn,Season,314
yayasamu,漸寒,yayasamu,slightly cold,Autumn,Season,315
susamaji,冷まじ,susamaji,chilling,Autumn,Season,316
shubun,秋分,shubun,,Autumn,Season,317
akinosora,秋の空,akinosora,autumn sky,Autumn,Season,318
iwashigumo,鰯雲,iwashigumo,sardine clouds,Autumn,Celestial,319
ama-no-gawa,天の川,ama no gawa,milky Way,Autumn,Celestial,320
hoshizukiyo,星月夜,hoshizukiyo,stars-for-moon night,Autumn,Celestial,321
tsuki,月,tsuki,moon,Autumn,Celestial,322
meigetsu,名月,meigetsu,harvest moon,Autumn,Celestial,323
izayoi,十六夜,izayoi,sixteenth night moon,Autumn,Celestial,324
nochinotsuki,後の月,nochinotsuki,after moon,Autumn,Celestial,325
akinokaze,秋の風,akinokaze,autumn wind,Autumn,Celestial,326
hatsuarashi,初嵐,hatsuarashi,first gale,Autumn,Celestial,327
nowaki,野分,nowaki,field gale,Autumn,Celestial,328
akinoame,秋の雨,akinoame,autumn rain,Autumn,Celestial,329
kiri,霧,kiri,fog,Autumn,Celestial,330
tsuyu-2,露,tsuyu,dew,Autumn,Celestial,331
tsuyuzimo,露霜,tsuyuzimo,dewy frost,Autumn,Celestial,332
inazuma,稲妻,inazuma,lightning,Autumn,Celestial,333
akinokoe,秋の声,akinokoe,autumn's voice,Autumn,Celestial,334
akibare-2,秋晴れ,akibare,autumn clear weather,Autumn,Celestial,335
akinoyama,秋の山,akinoyama,autumn mountain,Autumn,Landscape,336
akinono,秋の野,akinono,autumn field,Autumn,Landscape,337
hanano,花野,hanano,flowery field,Autumn,Landscape,338
akinota,秋の田,akinota,autumn ricefield,Autumn,Landscape,339
karita,刈田,karita,reaped ricefield,Autumn,Landscape,340
akinoumi,秋の海,akinoumi,autumn ocean,Autumn,Landscape,341
akinomizu,秋の水,akinomizu,autumn water,Autumn,Landscape,342
hatsushio,初潮,hatsushio,high tide,Autumn,Landscape,343
yamayosou,山粧ふ,yamayosou,mountains adorn,Autumn,Landscape,344
shinmai,新米,shinmai,new rice,Autumn,Life,345
shinshu,新酒,shinshu,new sake,Autumn,Life,346
kakashi,案山子,kakashi,scarecrow,Autumn,Life,347
naruko,鳴子,naruko,clappers,Autumn,Life,348
inekari,稲刈,inekari,harvesting rice,Autumn,Life,349
kinuta,砧,kinuta,fulling-block,Autumn,Life,350
ashikari,芦刈,ashikari,cutting reeds,Autumn,Life,351
sumo,相撲,sumo,sumo wrestling,Autumn,Life,352
tsukimi,月見,tsukimi,moon-view,Autumn,Life,353
momizigari,紅葉狩,momizigari,autumn-leaves hunt,Autumn,Life,354
tanabata,七夕,tanabata,star festival,Autumn,Life,355
choyo,重陽,choyo,chrysanthemum festival,Autumn,Life,356
bon,盆,bon,festival for the dead,Autumn,Observance,357
urabone,盂蘭盆会,urabone,ullambana meeting,Autumn,Observance,358
odori,踊,odori,bon dance,Autumn,Life,359
mushikago,虫籠,mushikago,insect cage,Autumn,Life,360
yagaku,夜学,yagaku,night study,Autumn,Life,361
shikiki,子規忌,shikiki,shiki's death anniversary,Autumn,Observance,362
akimatsuri,秋祭,akimatsuri,autumn festival,Autumn,Observance,363
hanabi-2,花火,Hanabi,fireworks,Autumn,Life,364
shinwara,新藁,shinwara,new straw,Autumn,Life,365
shinsoba,新蕎麦,shinsoba,new buckwheat,Autumn,Life,366
shika,鹿,shika,deer,Autumn,Animals,367
inoshishi,猪,inoshishi,wild boar,Autumn,Animals,368
wataridori,渡り鳥,wataridori,migrating birds,Autumn,Animals,369
tsubamekaeru,燕帰る,tsubamekaeru,swallows return,Autumn,Animals,370
kari,雁,kari,wild geese,Autumn,Animals,371
shigi,鴫,shigi,snipe,Autumn,Animals,372
inasuzume,稲雀,inasuzume,rice sparrows,Autumn,Animals,373
hiyodori,鵯,hiyodori,bulbul,Autumn,Animals,374
mozu,鵙,mozu,shrike,Autumn,Animals,375
sekirei,鶺鴒,sekirei,wagtail,Autumn,Animals,376
uzura,鶉,uzura,quail,Autumn,Animals,377
shijukara,四十雀,shijukara,great-tit,Autumn,Animals,378
kitsutsuki,啄木鳥,kitsutsuki,woodpecker,Autumn,Animals,379
ochiayu,落鮎,ochiayu,descending sweet-fish,Autumn,Animals,380
sake,鮭,sake,salmon,Autumn,Animals,381
suzuki,鱸,suzuki,sea bass,Autumn,Animals,382
iwashi,鰯,iwashi,sardines,Autumn,Animals,383
higurashi,蜩,higurashi,dusk cicada,Autumn,Animals,384
tsukutsukuboshi,つくつく法師,tsukutsukuboshi,,Autumn,Animals,385
tonbo,蜻蛉,tonbo,dragonfly,Autumn,Animals,386
mushi,虫,mushi,insects,Autumn,Animals,387
suzumushi,鈴虫,suzumushi,bell insect,Autumn,Animals,388
matsumushi,松虫,matsumushi,pine cricket,Autumn,Animals,389
kirigirisu,螽,kirigirisu,long-horned grasshopper,Autumn,Animals,390
inago,蝗,inago,locust,Autumn,Animals,391
kamakiri,蟷螂,kamakiri,praying mantis,Autumn,Animals,392
korogi,蟋蟀,korogi,cricket,Autumn,Animals,393
minomushi,蓑虫,minomushi,bagworm,Autumn,Animals,394
sanma,秋刀魚,sanma,mackerel pike,Autumn,Animals,395
haze,鯊,haze,goby,Autumn,Animals,396
mukuge,木槿,mukuge,rose of Sharon,Autumn,Plants,397
momo,桃,momo,peach,Autumn,Plants,398
kaki,柿,kaki,persimmon,Autumn,Plants,399
kuri,栗,kuri,chestnut,Autumn,Plants,400
ichiziku,無花果,ichiziku,fig,Autumn,Plants,401
nashi,梨,nashi,pear,Autumn,Plants,402
momiji,紅葉,momiji,autumn leaves,Autumn,Plants,403
kaede,楓,kaede,,Autumn,Plants,404
ichomomizi,銀杏紅葉,ichomomizi,gingko autumn leaves,Autumn,Plants,405
kirihitoha,桐一葉,kirihitoha,one paulownia leaf,Autumn,Plants,406
yanagichiru,柳散る,yanagichiru,willow scatters,Autumn,Plants,407
konomi,木の実,konomi,nuts,Autumn,Plants,408
basho,芭蕉,basho,plantain,Autumn,Plants,409
ran,蘭,ran,orchid,Autumn,Plants,410
asagao,朝顔,asagao,morning glory,Autumn,Plants,411
kosumosu,コスモス,kosumosu,cosmos,Autumn,Plants,412
kiku,菊,kiku,chrysanthemum,Autumn,Plants,413
keito,鶏頭,keito,cockscomb,Autumn,Plants,414
hozuki,鬼灯,hozuki,ground cherry,Autumn,Plants,415
tsuta,蔦,tsuta,ivy,Autumn,Plants,416
takenoharu,竹の春,takenoharu,bamboo's spring,Autumn,Plants,417
suika,西瓜,suika,watermelon,Autumn,Plants,418
imo,芋,imo,potato,Autumn,Plants,419
ine,稲,ine,riceplant,Autumn,Plants,420
wase,早稲,wase,,Autumn,Plants,421
ochibo,落穂,ochibo,fallen rice ears,Autumn,Plants,422
kusanohana,草の花,kusanohana,grass flowers,Autumn,Plants,423
uragare,末枯,uragare,withering tips,Autumn,Plants,424
hagi,萩,hagi,lespedeza,Autumn,Plants,425
ashinohana,芦の花,ashinohana,reed flowers,Autumn,Plants,426
oginokoe,荻の声,oginokoe,voices of miscanthus,Autumn,Plants,427
susuki,薄,susuki,miscanthus,Autumn,Plants,428
kuzunohana,葛の花,kuzunohana,arrow-root flower,Autumn,Plants,429
kikyo,桔梗,kikyo,chinese bellflower,Autumn,Plants,430
ominaeshi,女郎花,ominaeshi,lady flower,Autumn,Plants,431
nogiku,野菊,nogiku,wild chrysanthemums,Autumn,Plants,432
nadeshiko,撫子,nadeshiko,wild pink,,Plants,433
kinoko,茸,kinoko,mushrooms,Autumn,Plants,434
budo,葡萄,budo,grapes,Autumn,Plants,435
ringo,林檎,ringo,apples,Autumn,Plants,436
yuzu,柚子,yuzu,citron,Autumn,Plants,437
yarehasu,敗荷,yarehasu,torn lotus leaves,Autumn,Plants,438
fuyu,冬,fuyu,winter,Winter,Season,439
kannazuki,神無月,kannazuki,godless Month,Winter,Season,440
shimotsuki,霜月,shimotsuki,frost Month,Winter,Season,441
shiwasu,師走,shiwasu,twelfth Month,Winter,Season,442
ritto,立冬,ritto,,Winter,Season,443
fuyuzare,冬ざれ,fuyuzare,winter withers,Winter,Season,444
koharu,小春,koharu,touch of spring,Winter,Season,445
fuyubare,冬晴,fuyubare,winter clear weather,Winter,,446
toji,冬至,toji,winter solstice,Winter,Season,447
fuyunohi,冬の日,fuyunohi,winter day sun,Winter,Season,448
fuyunoyo,冬の夜,fuyunoyo,winter night,Winter,Season,449
shimoyo,霜夜,shimoyo,frosty night,Winter,Season,450
tanjitsu,短日,tanjitsu,short days,Winter,Season,451
samushi,寒し,samushi,cold,Winter,Season,452
tsumetashi,冷たし,tsumetashi,icy,Winter,Season,453
iisuru,冱つる,iisuru,it freezes,Winter,Season,454
koru,凍る,koru,to freeze,Winter,Season,455
sayu,冴ゆ,sayu,bitterly cold,Winter,Season,456
toshinokure,年の暮,toshinokure,year's end,Winter,Season,457
yukutoshi,行く年,yukutoshi,departing year,Winter,Season,458
kan,寒,kan,,Winter,Season,459
kannouchi,寒の内,kannouchi,coldest period,Winter,Season,460
harumatsu,春待つ,harumatsu,wait for spring,Winter,Season,461
haruchikashi,春近し,haruchikashi,spring is near,Winter,Season,462
setsubun,節分,setsubun,last day of winter,Winter,Season,463
fuyunosora,冬の空,fuyunosora,winter sky,Winter,Celestial,464
fuyunotsuki,冬の月,fuyunotsuki,winter moon,Winter,Celestial,465
kogarashi-jw1,木枯し,kogarashi,early winter gale,Winter,Celestial,466
kitakaze,北風,kitakaze,north wind,Winter,Celestial,467
shigure,時雨,shigure,winter shower,Winter,Celestial,468
hatsushigure,初時雨,hatsushigure,first icy shower,Winter,Celestial,469
fuyunoame,冬の雨,fuyunoame,winter rain,Winter,Celestial,470
arare,霰,arare,hail,Winter,Celestial,471
mizore,霙,mizore,sleet,Winter,Celestial,472
shimo,霜,shimo,frost,Winter,Celestial,473
yuki,雪,yuki,snow,Winter,Celestial,474
hatsuyuki,初雪,hatsuyuki,first snow,Winter,Celestial,475
fuyunoyama,冬の山,fuyunoyama,winter mountain,Winter,,476
yamanemuru,山眠る,yamanemuru,mountain sleeps,Winter,Landscape,477
kareno,枯野,kareno,withered fields,Winter,Landscape,478
fuyuta,冬田,fuyuta,winter ricefield,Winter,Landscape,479
mizukaru,水涸る,mizukaru,water grows sparse,Winter,Landscape,480
fuyunokawa,冬の川,fuyunokawa,winter river,Winter,Landscape,481
fuyunoumi,冬の海,fuyunoumi,winter ocean,Winter,Landscape,482
shimobashira,霜柱,shimobashira,,Winter,Landscape,483
kori,氷,kori,ice,Winter,Landscape,484
tsurara,氷柱,tsurara,icicles,Winter,Landscape,485
toshinoyo,年の夜,toshinoyo,last night of the year,Winter,Season,486
futon,蒲団,futon,quilts,Winter,Life,487
zukin,頭巾,zukin,hood,Winter,Life,488
fuyuboshi,冬帽子,fuyuboshi,winter hat,Winter,Life,489
erimaki,襟巻,erimaki,muffler,Winter,Life,490
tebukuro,手袋,tebukuro,gloves,Winter,Life,491
kusurigui,薬喰,kusurigui,taking medicine,Winter,Life,492
furofuki,風呂吹,furofuki,boiled daikon,Winter,Life,493
zosui,雑炊,zosui,rice porridge,Winter,Life,494
fuyugomori,冬籠,fuyugomori,winter seclusion,Winter,Life,495
kotatsu,炬燵,kotatsu,foot-warmer,Winter,Life,496
yutanpo,湯婆,yutanpo,hot-water bottle,Winter,Life,497
sori,橇,sori,sled,Winter,Life,498
daikohiki,大根引,daikohiki,harvesting daikon,Winter,Life,499
kari-2,狩,kari,hunting,Winter,Life,500
ajiro,網代,ajiro,weir,Winter,Life,501
yukimi,雪見,yukimi,snow-viewing,Winter,Life,502
tanbai,探梅,tanbai,look for plum flowers,Winter,Life,503
yukidaruma,雪達磨,yukidaruma,snowman,Winter,Life,504
yukiasobi,雪遊び,yukiasobi,playing with snow,Winter,Life,505
takeuma,竹馬,takeuma,stilts,Winter,Life,506
shichigosan,七五三,shichigosan,blessings for children,Winter,Life,507
susuharai,煤掃,susuharai,soot riddance,Winter,Life,508
toshinoichi,年の市,toshinoichi,year-end market,Winter,Life,509
toshiwasure,年忘,toshiwasure,year-end party,Winter,Life,510
mamemaki,豆撒,mamemaki,throwing beans,Winter,Life,511
kaminotabi,神の旅,kaminotabi,gods' journey,Winter,Life,512
joyanokane,除夜の鐘,joyanokane,year-end bell,Winter,Life,513
bashoki,芭蕉忌,bashoki,basho's death anniversary,Winter,Life,514
issaki,一茶忌,issaki,anniversary of Issa's death,Winter,Life,515
busonki,蕪村忌,busonki,anniversary of Buson's death,Winter,Life,516
yamiziru,闇汁,yamiziru,stew in the dark,Winter,Life,517
ikishiroshi,息白し,ikishiroshi,breath is white,Winter,Life,518
nameshi,菜飯,nameshi,greens' rice,Winter,Life,519
nenneko,ねんねこ,nenneko,lullaby coat,Winter,Life,520
kara-zake,乾鮭,kara-zake,dried salmon,Winter,Life,521
ro,炉,ro,hearth,Winter,Life,522
sumi,炭,sumi,charcoal,Winter,Life,523
hibachi,火鉢,hibachi,brazier,Winter,Animals,524
kansuzume,寒雀,kansuzume,cold-weather sparrow,Winter,Animals,525
kanamdoneko,竈猫,kanamdoneko,stove cat,Winter,Animals,526
kangarasu,寒鴉,kangarasu,cold-weather crow,Winter,Animals,527
taka,鷹,taka,hawk,Winter,Animals,528
fukuro,梟,fukuro,owl,Winter,Animals,529
mimizuku,木兎,mimizuku,horned owl,Winter,Animals,530
misosazai,鷦鷯,misosazai,wren,Winter,Animals,531
mizutori,水鳥,mizutori,water birds,Winter,Animals,532
kamo,鴨,kamo,wild duck,Winter,Animals,533
oshidori,鴛鴦,oshidori,mandarin ducks,Winter,Animals,534
chidori,千鳥,chidori,plover,Winter,Animals,535
kaitsuburi,鳰,kaitsuburi,little grebe,Winter,Animals,536
miyakodori,鴎,miyakodori,black-headed/hooded gull,Winter,Animals,537
itezuru,凍鶴,itezuru,frozen crane,Winter,Animals,538
fugu,河豚,fugu,globe fish,Winter,Animals,539
kangoi,寒鯉,kangoi,cold carp,Winter,Animals,540
namako,海鼠,namako,sea cucumber,Winter,Animals,541
kaki-2,牡蠣,kaki,oyster,Winter,Animals,542
fuyunohae,冬の蝿,fuyunohae,winter fly,Winter,Animals,543
buri,鰤,buri,yellow-tail,Winter,Animals,544
kanbuna,寒鮒,kanbuna,cold crucian,Winter,Animals,545
kaeribana,帰り花,kaeribana,return of flowers,Winter,Plants,546
sazanka,山茶花,sazanka,sasanqua,Winter,Plants,547
chanohana,茶の花,chanohana,tea flower,,Plants,548
hiiraginohana,柊の花,hiiraginohana,,Winter,Plants,549
sobai,早梅,sobai,early plum flowers,Winter,Plants,550
manryo-senryo,万両（千両）,manryo (senryo),spear-flower,Winter,Plants,551
konoha,木の葉,konoha,tree leaves,Winter,Plants,552
ochiba,落葉,ochiba,fallen leaves,Winter,Plants,553
yukiore,雪折,yukiore,snow-bent,Winter,Plants,554
fuyukodachi,冬木立,fuyukodachi,winter grove,Winter,Plants,555
kareki,枯木,kareki,withered trees,Winter,Plants,556
kareyanagi,枯柳,kareyanagi,withered willow,Winter,Plants,557
suisen,水仙,suisen,narcissus,Winter,Plants,558
kangiku,寒菊,kangiku,mid-winter chrysanthemum,Winter,Plants,559
karehasu,枯蓮,karehasu,withered lotus,Winter,Plants,560
kabura,蕪,kabura,turnip,Winter,Plants,561
kareashi,枯芦,kareashi,withered reeds,Winter,Plants,562
kareobana,枯尾花,kareobana,withered miscanthus,Winter,Plants,563
kanbai,寒梅,kanbai,mid-winter plum flowers,Winter,Plants,564
yabukozi,藪柑子,yabukozi,ardisia japonica,Winter,Plants,565
habotan,葉牡丹,habotan,leaf peony,Winter,Plants,566
kantsubaki,寒椿,kantsubaki,cold camellia,Winter,Plants,567
negi,葱,negi,stone leek,Winter,Plants,568
daikon,大根,daikon,white radish,Winter,Plants,569
shinnen,新年,shinnen,new year,New Year,Season,570
mutsuki,睦月,mutsuki,,New Year,Season,571
hatsuharu,初春,hatsuharu,start of the year,New Year,Season,572
shogatsu,正月,shogatsu,first month,New Year,Season,573
ganjitsu,元日,ganjitsu,new Year's Day,New Year,Season,574
futsuka,二日,futsuka,second day,New Year,Season,575
mikka,三日,mikka,third day,New Year,Season,576
sanganichi,三ケ日,sanganichi,first three days of the year,New Year,Season,577
nanuka,七日,nanuka,seventh day,New Year,Season,578
matsunouchi,松の内,matsunouchi,among the pines,New Year,Season,579
koshogatsu,小正月,koshogatsu,little new year,New Year,Season,580
kozokotoshi,去年今年,kozokotoshi,last year/this year,New Year,Season,581
hatsuakari,初明り,hatsuakari,first light,New Year,Celestial,582
hatsuhi,初日,hatsuhi,first sun,New Year,Celestial,583
hatsuzora,初空,hatsuzora,first sky,New Year,Celestial,584
hatsukochi,初東風,hatsukochi,first east wind,New Year,Celestial,585
hatsunagi,初凪,hatsunagi,first lull,New Year,Celestial,586
osagari,御降,osagari,new year's precipitation,New Year,Celestial,587
hatsugasumi,初霞,hatsugasumi,first mist,New Year,Celestial,588
hatsufuji,初富士,hatsufuji,first Mt. Fuji,New Year,Landscape,589
wakanano,若菜野,wakanano,young-herbs field,New Year,Landscape,590
kisohajime,着衣始,kisohajime,to dress in new garments,New Year,Life,591
harugi,春着,harugi,new year's dress,New Year,Life,592
toso,屠蘇,toso,spiced wine,New Year,Life,593
kadomatsu,門松,kadomatsu,gate pines,New Year,Life,594
shimekazari,注連飾,shimekazari,sacred festoon,New Year,Life,595
horai,蓬莱,horai,isle of eternal youth,New Year,Life,596
kagamimochi,鏡餅,kagamimochi,mirror-shaped rice cakes,New Year,Life,597
wakamizu,若水,wakamizu,new year's fresh water,New Year,Life,598
nenshi,年始,nenshi,new year's greeting,New Year,Life,599
toshidama,年玉,toshidama,new year's gift,New Year,Life,600
hatsudayori,初便,hatsudayori,first message,New Year,Life,601
hatsugoyomi,初暦,hatsugoyomi,new calendar,New Year,Life,602
hatsuyume,初夢,hatsuyume,first dream,New Year,Life,603
takarabune,宝船,takarabune,treasure boat,New Year,Life,604
kakizome,書初,kakizome,first writing,New Year,Life,605
hatsuichi,初市,hatsuichi,first market,New Year,Life,606
hatsuni,初荷,hatsuni,first load,New Year,Life,607
kaizome,買初,kaizome,first purchase,New Year,Life,608
dezome,出初,dezome,marching fire brigade,New Year,Life,609
wakanatsumi,若菜摘,wakanatsumi,picking young herbs,New Year,Life,610
matsuosame,松納,matsuosame,putting away the pines,New Year,Life,611
sagicho,左義長,sagicho,bonfire of new year decorations,New Year,Life,612
yabuiri,薮入,yabuiri,return for holidays,New Year,Life,613
hatsumode,初詣,hatsumode,first visit to a shrine,New Year,Life,614
karuta,歌留多,karuta,playing cards,New Year,Life,615
hagoita,羽子板,hagoita,battledore,New Year,Life,616
temari,手毬,temari,hand-ball,New Year,Life,617
koma,独楽,koma,tops,New Year,Life,618
hatsushibai,初芝居,hatsushibai,first theater performance,New Year,Life,619
manzai,万歳,manzai,comic dancers,New Year,Life,620
shishimai,獅子舞,shishimai,lion dances,New Year,Life,621
sarumawashi,猿廻し,sarumawashi,monkey trainer,New Year,Life,622
hatsuyu,初湯,hatsuyu,first bath,New Year,Life,623
hatsukagami,初鏡,hatsukagami,first mirror,New Year,Life,624
shihohai,四方拝,shihohai,reverence to the four directions,New Year,Life,625
nakizome,泣初,nakizome,first cry,New Year,Life,626
waraizome,笑初,waraizome,first laughter,New Year,Life,627
hamayumi,破魔弓,hamayumi,exorcising bow,New Year,Life,628
zoni,雑煮,zoni,new year soup,New Year,,629
yomegakimi,嫁が君,yomegakimi,dear bride,New Year,Animals,630
hatsutori,初鶏,hatsutori,first crow of the rooster,New Year,,631
hatsususume,初雀,hatsususume,first sparrow,New Year,Animals,632
hatsugarasu,初鴉,hatsugarasu,first crow,New Year,Animals,633
hatsuhato,初鳩,hatsuhato,first dove,New Year,Animals,634
hatsuzuru,初鶴,hatsuzuru,first crane,New Year,Plants,635
yuzuriha,楪,yuzuriha,,New Year,Plants,636
shida,歯朶,shida,fern,New Year,Plants,637
hodawara,穂俵,hodawara,,New Year,Plants,638
fukujuso,福寿草,fukujuso,adonis amurensis,New Year,Plants,639
nanakusa,七種,nanakusa,seven grasses,New Year,Plants,640
hotokenoza,仏の座,hotokenoza,buddha's seat,New Year,Plants,641
nazuna,なずな,nazuna,shepherd's purse,New Year,Plants,642
wakana,若菜,wakana,young herbs,,,643
harusame,春雨,harusame,spring rain,Spring,Celestial,
rakka,落花,rakka,falling blossoms,Spring,Plants,
akikaze,秋風,akikaze,autumn wind,Autumn,Celestial,
kogarashi,木枯らし,kogarashi,winter wind,Winter,Celestial,
